,fecha,nombre_completo,estado,temperatura,humedad_relativa,precipitacion
0,2023-10-05 00:00:00,UdeA Caucasia,Habilitada,26.16667,93,0.00000
1,2023-10-05 00:01:00,UdeA Caucasia,Habilitada,26.16667,93,0.00000
2,2023-10-05 00:02:00,UdeA Caucasia,Habilitada,26.16667,93,0.00000
3,2023-10-05 00:03:00,UdeA Caucasia,Habilitada,26.16667,93,0.00000
4,2023-10-05 00:04:01,UdeA Caucasia,Habilitada,26.16667,93,0.00000
5,2023-10-05 00:05:00,UdeA Caucasia,Habilitada,26.16667,93,0.00000
6,2023-10-05 00:06:01,UdeA Caucasia,Habilitada,26.16667,93,0.00000
7,2023-10-05 00:07:01,UdeA Caucasia,Habilitada,26.16667,93,0.00000
8,2023-10-05 00:08:01,UdeA Caucasia,Habilitada,26.16667,93,0.00000
9,2023-10-05 00:09:02,UdeA Caucasia,Habilitada,26.16667,93,0.00000
10,2023-10-05 00:10:00,UdeA Caucasia,Habilitada,26.16667,93,0.00000
11,2023-10-05 00:11:00,UdeA Caucasia,Habilitada,26.16667,94,0.00000
12,2023-10-05 00:12:00,UdeA Caucasia,Habilitada,26.16667,94,0.00000
13,2023-10-05 00:13:00,UdeA Caucasia,Habilitada,26.16667,94,0.00000
14,2023-10-05 00:14:00,UdeA Caucasia,Habilitada,26.16667,94,0.00000
15,2023-10-05 00:15:00,UdeA Caucasia,Habilitada,26.16667,93,0.00000
16,2023-10-05 00:16:00,UdeA Caucasia,Habilitada,26.16667,93,0.00000
17,2023-10-05 00:17:00,UdeA Caucasia,Habilitada,26.16667,93,0.00000
18,2023-10-05 00:18:00,UdeA Caucasia,Habilitada,26.16667,93,0.00000
19,2023-10-05 00:19:00,UdeA Caucasia,Habilitada,26.16667,93,0.00000
20,2023-10-05 00:20:00,UdeA Caucasia,Habilitada,26.16667,93,0.00000
21,2023-10-05 00:21:00,UdeA Caucasia,Habilitada,26.16667,93,0.00000
22,2023-10-05 00:22:00,UdeA Caucasia,Habilitada,26.16667,94,0.00000
23,2023-10-05 00:23:00,UdeA Caucasia,Habilitada,26.16667,94,0.00000
24,2023-10-05 00:24:00,UdeA Caucasia,Habilitada,26.16667,94,0.00000
25,2023-10-05 00:25:00,UdeA Caucasia,Habilitada,26.22222,94,0.00000
26,2023-10-05 00:26:00,UdeA Caucasia,Habilitada,26.22222,94,0.00000
27,2023-10-05 00:27:00,UdeA Caucasia,Habilitada,26.16667,94,0.00000
28,2023-10-05 00:28:00,UdeA Caucasia,Habilitada,26.16667,93,0.00000
29,2023-10-05 00:29:00,UdeA Caucasia,Habilitada,26.16667,93,0.00000
30,2023-10-05 00:30:00,UdeA Caucasia,Habilitada,26.16667,93,0.00000
31,2023-10-05 00:31:00,UdeA Caucasia,Habilitada,26.22222,93,0.00000
32,2023-10-05 00:32:00,UdeA Caucasia,Habilitada,26.22222,94,0.00000
33,2023-10-05 00:33:00,UdeA Caucasia,Habilitada,26.27778,94,0.00000
34,2023-10-05 00:34:00,UdeA Caucasia,Habilitada,26.22222,94,0.00000
35,2023-10-05 00:35:00,UdeA Caucasia,Habilitada,26.27778,94,0.00000
36,2023-10-05 00:36:00,UdeA Caucasia,Habilitada,26.27778,94,0.00000
37,2023-10-05 00:37:00,UdeA Caucasia,Habilitada,26.27778,94,0.00000
38,2023-10-05 00:38:00,UdeA Caucasia,Habilitada,26.27778,94,0.00000
39,2023-10-05 00:39:00,UdeA Caucasia,Habilitada,26.27778,94,0.00000
40,2023-10-05 00:40:00,UdeA Caucasia,Habilitada,26.27778,94,0.00000
41,2023-10-05 00:41:00,UdeA Caucasia,Habilitada,26.27778,94,0.00000
42,2023-10-05 00:42:00,UdeA Caucasia,Habilitada,26.27778,94,0.00000
43,2023-10-05 00:43:00,UdeA Caucasia,Habilitada,26.27778,94,0.00000
44,2023-10-05 00:44:00,UdeA Caucasia,Habilitada,26.27778,94,0.00000
45,2023-10-05 00:45:01,UdeA Caucasia,Habilitada,26.27778,94,0.00000
46,2023-10-05 00:46:01,UdeA Caucasia,Habilitada,26.22222,94,0.00000
47,2023-10-05 00:47:01,UdeA Caucasia,Habilitada,26.22222,94,0.00000
48,2023-10-05 00:48:00,UdeA Caucasia,Habilitada,26.22222,94,0.00000
49,2023-10-05 00:49:00,UdeA Caucasia,Habilitada,26.16667,94,0.00000
50,2023-10-05 00:50:00,UdeA Caucasia,Habilitada,26.16667,94,0.00000
51,2023-10-05 00:51:00,UdeA Caucasia,Habilitada,26.16667,94,0.00000
52,2023-10-05 00:52:00,UdeA Caucasia,Habilitada,26.16667,94,0.00000
53,2023-10-05 00:53:00,UdeA Caucasia,Habilitada,26.16667,94,0.00000
54,2023-10-05 00:54:00,UdeA Caucasia,Habilitada,26.16667,94,0.00000
55,2023-10-05 00:55:00,UdeA Caucasia,Habilitada,26.16667,94,0.00000
56,2023-10-05 00:56:00,UdeA Caucasia,Habilitada,26.16667,94,0.00000
57,2023-10-05 00:57:00,UdeA Caucasia,Habilitada,26.16667,94,0.00000
58,2023-10-05 00:58:00,UdeA Caucasia,Habilitada,26.16667,94,0.00000
59,2023-10-05 00:59:00,UdeA Caucasia,Habilitada,26.16667,94,0.00000
60,2023-10-05 01:00:00,UdeA Caucasia,Habilitada,26.16667,94,0.00000
61,2023-10-05 01:01:00,UdeA Caucasia,Habilitada,26.16667,94,0.00000
62,2023-10-05 01:02:00,UdeA Caucasia,Habilitada,26.16667,94,0.00000
63,2023-10-05 01:03:01,UdeA Caucasia,Habilitada,26.16667,94,0.00000
64,2023-10-05 01:04:00,UdeA Caucasia,Habilitada,26.16667,94,0.00000
65,2023-10-05 01:05:00,UdeA Caucasia,Habilitada,26.11111,94,0.00000
66,2023-10-05 01:06:01,UdeA Caucasia,Habilitada,26.16667,94,0.00000
67,2023-10-05 01:07:00,UdeA Caucasia,Habilitada,26.11111,94,0.00000
68,2023-10-05 01:08:00,UdeA Caucasia,Habilitada,26.11111,94,0.00000
69,2023-10-05 01:09:00,UdeA Caucasia,Habilitada,26.11111,94,0.00000
70,2023-10-05 01:10:00,UdeA Caucasia,Habilitada,26.11111,94,0.00000
71,2023-10-05 01:11:00,UdeA Caucasia,Habilitada,26.11111,94,0.00000
72,2023-10-05 01:12:00,UdeA Caucasia,Habilitada,26.11111,94,0.00000
73,2023-10-05 01:13:00,UdeA Caucasia,Habilitada,26.05556,94,0.00000
74,2023-10-05 01:14:00,UdeA Caucasia,Habilitada,26.11111,94,0.00000
75,2023-10-05 01:15:00,UdeA Caucasia,Habilitada,26.11111,94,0.00000
76,2023-10-05 01:16:00,UdeA Caucasia,Habilitada,26.11111,94,0.00000
77,2023-10-05 01:17:00,UdeA Caucasia,Habilitada,26.11111,94,0.00000
78,2023-10-05 01:18:00,UdeA Caucasia,Habilitada,26.05556,94,0.00000
79,2023-10-05 01:19:00,UdeA Caucasia,Habilitada,26.05556,94,0.00000
80,2023-10-05 01:20:00,UdeA Caucasia,Habilitada,26.05556,94,0.00000
81,2023-10-05 01:21:00,UdeA Caucasia,Habilitada,26.05556,94,0.00000
82,2023-10-05 01:22:00,UdeA Caucasia,Habilitada,26.05556,94,0.00000
83,2023-10-05 01:23:00,UdeA Caucasia,Habilitada,26.05556,94,0.00000
84,2023-10-05 01:24:00,UdeA Caucasia,Habilitada,26.05556,94,0.00000
85,2023-10-05 01:25:00,UdeA Caucasia,Habilitada,26.05556,94,0.00000
86,2023-10-05 01:26:00,UdeA Caucasia,Habilitada,26.05556,94,0.00000
87,2023-10-05 01:27:00,UdeA Caucasia,Habilitada,26.05556,94,0.00000
88,2023-10-05 01:28:00,UdeA Caucasia,Habilitada,26.05556,94,0.00000
89,2023-10-05 01:29:00,UdeA Caucasia,Habilitada,26.05556,94,0.00000
90,2023-10-05 01:30:00,UdeA Caucasia,Habilitada,26.05556,94,0.00000
91,2023-10-05 01:31:00,UdeA Caucasia,Habilitada,26.05556,95,0.00000
92,2023-10-05 01:32:00,UdeA Caucasia,Habilitada,26.00000,94,0.00000
93,2023-10-05 01:33:00,UdeA Caucasia,Habilitada,26.00000,94,0.00000
94,2023-10-05 01:34:00,UdeA Caucasia,Habilitada,26.05556,95,0.00000
95,2023-10-05 01:35:00,UdeA Caucasia,Habilitada,26.00000,95,0.00000
96,2023-10-05 01:36:00,UdeA Caucasia,Habilitada,25.94444,94,0.00000
97,2023-10-05 01:37:00,UdeA Caucasia,Habilitada,26.00000,95,0.00000
98,2023-10-05 01:38:00,UdeA Caucasia,Habilitada,25.94444,95,0.00000
99,2023-10-05 01:39:00,UdeA Caucasia,Habilitada,26.00000,95,0.00000
100,2023-10-05 01:40:00,UdeA Caucasia,Habilitada,25.94444,95,0.00000
101,2023-10-05 01:41:00,UdeA Caucasia,Habilitada,25.94444,95,0.00000
102,2023-10-05 01:42:00,UdeA Caucasia,Habilitada,25.94444,95,0.00000
103,2023-10-05 01:43:01,UdeA Caucasia,Habilitada,25.94444,95,0.00000
104,2023-10-05 01:44:01,UdeA Caucasia,Habilitada,25.94444,95,0.00000
105,2023-10-05 01:45:01,UdeA Caucasia,Habilitada,25.94444,95,0.00000
106,2023-10-05 01:46:01,UdeA Caucasia,Habilitada,25.94444,95,0.00000
107,2023-10-05 01:47:00,UdeA Caucasia,Habilitada,25.94444,95,0.00000
108,2023-10-05 01:48:00,UdeA Caucasia,Habilitada,25.94444,95,0.00000
109,2023-10-05 01:49:00,UdeA Caucasia,Habilitada,25.94444,95,0.00000
110,2023-10-05 01:50:00,UdeA Caucasia,Habilitada,25.94444,95,0.00000
111,2023-10-05 01:51:00,UdeA Caucasia,Habilitada,25.88889,95,0.00000
112,2023-10-05 01:52:00,UdeA Caucasia,Habilitada,25.94444,95,0.00000
113,2023-10-05 01:53:00,UdeA Caucasia,Habilitada,25.88889,95,0.00000
114,2023-10-05 01:54:00,UdeA Caucasia,Habilitada,25.88889,95,0.00000
115,2023-10-05 01:55:00,UdeA Caucasia,Habilitada,25.88889,95,0.00000
116,2023-10-05 01:56:00,UdeA Caucasia,Habilitada,25.88889,95,0.00000
117,2023-10-05 01:57:00,UdeA Caucasia,Habilitada,25.88889,95,0.00000
118,2023-10-05 01:58:00,UdeA Caucasia,Habilitada,25.94444,95,0.00000
119,2023-10-05 01:59:00,UdeA Caucasia,Habilitada,25.88889,95,0.00000
120,2023-10-05 02:00:00,UdeA Caucasia,Habilitada,25.88889,95,0.00000
121,2023-10-05 02:01:00,UdeA Caucasia,Habilitada,25.88889,95,0.00000
122,2023-10-05 02:02:00,UdeA Caucasia,Habilitada,25.94444,95,0.00000
123,2023-10-05 02:03:01,UdeA Caucasia,Habilitada,25.94444,95,0.00000
124,2023-10-05 02:04:00,UdeA Caucasia,Habilitada,25.94444,95,0.00000
125,2023-10-05 02:05:00,UdeA Caucasia,Habilitada,25.94444,95,0.00000
126,2023-10-05 02:06:01,UdeA Caucasia,Habilitada,25.94444,95,0.00000
127,2023-10-05 02:07:01,UdeA Caucasia,Habilitada,25.94444,95,0.00000
128,2023-10-05 02:08:00,UdeA Caucasia,Habilitada,25.94444,95,0.00000
129,2023-10-05 02:09:00,UdeA Caucasia,Habilitada,25.94444,95,0.00000
130,2023-10-05 02:10:00,UdeA Caucasia,Habilitada,25.94444,95,0.00000
131,2023-10-05 02:11:00,UdeA Caucasia,Habilitada,26.00000,95,0.00000
132,2023-10-05 02:12:00,UdeA Caucasia,Habilitada,26.00000,95,0.00000
133,2023-10-05 02:13:00,UdeA Caucasia,Habilitada,26.00000,95,0.00000
134,2023-10-05 02:14:00,UdeA Caucasia,Habilitada,26.00000,95,0.00000
135,2023-10-05 02:15:00,UdeA Caucasia,Habilitada,26.00000,95,0.00000
136,2023-10-05 02:16:00,UdeA Caucasia,Habilitada,26.00000,95,0.00000
137,2023-10-05 02:17:00,UdeA Caucasia,Habilitada,26.00000,95,0.00000
138,2023-10-05 02:18:00,UdeA Caucasia,Habilitada,26.00000,95,0.00000
139,2023-10-05 02:19:00,UdeA Caucasia,Habilitada,26.00000,95,0.00000
140,2023-10-05 02:20:00,UdeA Caucasia,Habilitada,26.05556,95,0.00000
141,2023-10-05 02:21:00,UdeA Caucasia,Habilitada,26.00000,95,0.00000
142,2023-10-05 02:22:00,UdeA Caucasia,Habilitada,26.00000,95,0.00000
143,2023-10-05 02:23:00,UdeA Caucasia,Habilitada,26.00000,95,0.00000
144,2023-10-05 02:24:00,UdeA Caucasia,Habilitada,26.05556,95,0.00000
145,2023-10-05 02:25:00,UdeA Caucasia,Habilitada,26.00000,95,0.00000
146,2023-10-05 02:26:00,UdeA Caucasia,Habilitada,26.00000,95,0.00000
147,2023-10-05 02:27:00,UdeA Caucasia,Habilitada,26.00000,95,0.00000
148,2023-10-05 02:28:00,UdeA Caucasia,Habilitada,26.00000,95,0.00000
149,2023-10-05 02:29:00,UdeA Caucasia,Habilitada,26.00000,95,0.00000
150,2023-10-05 02:30:00,UdeA Caucasia,Habilitada,26.00000,95,0.00000
151,2023-10-05 02:31:00,UdeA Caucasia,Habilitada,26.00000,95,0.00000
152,2023-10-05 02:32:00,UdeA Caucasia,Habilitada,26.00000,95,0.00000
153,2023-10-05 02:33:00,UdeA Caucasia,Habilitada,26.00000,95,0.00000
154,2023-10-05 02:34:00,UdeA Caucasia,Habilitada,26.05556,95,0.00000
155,2023-10-05 02:35:00,UdeA Caucasia,Habilitada,26.05556,95,0.00000
156,2023-10-05 02:36:00,UdeA Caucasia,Habilitada,26.00000,95,0.00000
157,2023-10-05 02:37:00,UdeA Caucasia,Habilitada,26.00000,95,0.00000
158,2023-10-05 02:38:00,UdeA Caucasia,Habilitada,26.00000,95,0.00000
159,2023-10-05 02:39:00,UdeA Caucasia,Habilitada,26.00000,95,0.00000
160,2023-10-05 02:40:00,UdeA Caucasia,Habilitada,26.00000,95,0.00000
161,2023-10-05 02:41:00,UdeA Caucasia,Habilitada,26.00000,95,0.00000
162,2023-10-05 02:42:00,UdeA Caucasia,Habilitada,26.00000,95,0.00000
163,2023-10-05 02:43:00,UdeA Caucasia,Habilitada,26.00000,95,0.00000
164,2023-10-05 02:44:00,UdeA Caucasia,Habilitada,26.00000,95,0.00000
165,2023-10-05 02:45:01,UdeA Caucasia,Habilitada,26.00000,95,0.00000
166,2023-10-05 02:46:01,UdeA Caucasia,Habilitada,26.00000,95,0.00000
167,2023-10-05 02:47:01,UdeA Caucasia,Habilitada,26.00000,95,0.00000
168,2023-10-05 02:48:01,UdeA Caucasia,Habilitada,26.00000,95,0.00000
169,2023-10-05 02:49:00,UdeA Caucasia,Habilitada,26.00000,94,0.00000
170,2023-10-05 02:50:00,UdeA Caucasia,Habilitada,26.00000,94,0.00000
171,2023-10-05 02:51:00,UdeA Caucasia,Habilitada,26.00000,94,0.00000
172,2023-10-05 02:52:00,UdeA Caucasia,Habilitada,26.00000,94,0.00000
173,2023-10-05 02:53:00,UdeA Caucasia,Habilitada,26.05556,94,0.00000
174,2023-10-05 02:54:00,UdeA Caucasia,Habilitada,26.05556,94,0.00000
175,2023-10-05 02:55:00,UdeA Caucasia,Habilitada,26.05556,94,0.00000
176,2023-10-05 02:56:00,UdeA Caucasia,Habilitada,26.05556,94,0.00000
177,2023-10-05 02:57:00,UdeA Caucasia,Habilitada,26.05556,94,0.00000
178,2023-10-05 02:58:00,UdeA Caucasia,Habilitada,26.05556,94,0.00000
179,2023-10-05 02:59:00,UdeA Caucasia,Habilitada,26.05556,94,0.00000
180,2023-10-05 03:00:00,UdeA Caucasia,Habilitada,26.05556,94,0.00000
181,2023-10-05 03:01:00,UdeA Caucasia,Habilitada,26.05556,94,0.00000
182,2023-10-05 03:02:00,UdeA Caucasia,Habilitada,26.11111,94,0.00000
183,2023-10-05 03:03:01,UdeA Caucasia,Habilitada,26.11111,94,0.00000
184,2023-10-05 03:04:00,UdeA Caucasia,Habilitada,26.11111,93,0.00000
185,2023-10-05 03:05:00,UdeA Caucasia,Habilitada,26.05556,93,0.00000
186,2023-10-05 03:06:01,UdeA Caucasia,Habilitada,26.11111,93,0.00000
187,2023-10-05 03:07:00,UdeA Caucasia,Habilitada,26.11111,93,0.00000
188,2023-10-05 03:08:00,UdeA Caucasia,Habilitada,26.11111,93,0.00000
189,2023-10-05 03:09:00,UdeA Caucasia,Habilitada,26.11111,93,0.00000
190,2023-10-05 03:10:00,UdeA Caucasia,Habilitada,26.11111,93,0.00000
191,2023-10-05 03:11:00,UdeA Caucasia,Habilitada,26.11111,93,0.00000
192,2023-10-05 03:12:00,UdeA Caucasia,Habilitada,26.11111,94,0.00000
193,2023-10-05 03:13:00,UdeA Caucasia,Habilitada,26.05556,94,0.00000
194,2023-10-05 03:14:00,UdeA Caucasia,Habilitada,26.16667,94,0.00000
195,2023-10-05 03:15:00,UdeA Caucasia,Habilitada,26.11111,94,0.00000
196,2023-10-05 03:16:00,UdeA Caucasia,Habilitada,26.11111,94,0.00000
197,2023-10-05 03:17:00,UdeA Caucasia,Habilitada,26.11111,94,0.00000
198,2023-10-05 03:18:00,UdeA Caucasia,Habilitada,26.11111,94,0.00000
199,2023-10-05 03:19:00,UdeA Caucasia,Habilitada,26.11111,94,0.00000
200,2023-10-05 03:20:00,UdeA Caucasia,Habilitada,26.11111,94,0.00000
201,2023-10-05 03:21:00,UdeA Caucasia,Habilitada,26.11111,94,0.00000
202,2023-10-05 03:22:00,UdeA Caucasia,Habilitada,26.05556,94,0.00000
203,2023-10-05 03:23:00,UdeA Caucasia,Habilitada,26.11111,94,0.00000
204,2023-10-05 03:24:00,UdeA Caucasia,Habilitada,26.11111,94,0.00000
205,2023-10-05 03:25:00,UdeA Caucasia,Habilitada,26.05556,94,0.00000
206,2023-10-05 03:26:00,UdeA Caucasia,Habilitada,26.05556,94,0.00000
207,2023-10-05 03:27:00,UdeA Caucasia,Habilitada,26.05556,94,0.00000
208,2023-10-05 03:28:00,UdeA Caucasia,Habilitada,26.00000,94,0.00000
209,2023-10-05 03:29:00,UdeA Caucasia,Habilitada,25.94444,94,0.00000
210,2023-10-05 03:30:00,UdeA Caucasia,Habilitada,25.94444,94,0.00000
211,2023-10-05 03:31:00,UdeA Caucasia,Habilitada,25.94444,94,0.00000
212,2023-10-05 03:32:00,UdeA Caucasia,Habilitada,25.88889,94,0.00000
213,2023-10-05 03:33:00,UdeA Caucasia,Habilitada,25.88889,94,0.00000
214,2023-10-05 03:34:00,UdeA Caucasia,Habilitada,25.88889,95,0.00000
215,2023-10-05 03:35:00,UdeA Caucasia,Habilitada,25.88889,95,0.00000
216,2023-10-05 03:36:00,UdeA Caucasia,Habilitada,25.83333,95,0.00000
217,2023-10-05 03:37:00,UdeA Caucasia,Habilitada,25.77778,95,0.00000
218,2023-10-05 03:38:00,UdeA Caucasia,Habilitada,25.83333,95,0.00000
219,2023-10-05 03:39:00,UdeA Caucasia,Habilitada,25.77778,95,0.00000
220,2023-10-05 03:40:00,UdeA Caucasia,Habilitada,25.77778,95,0.00000
221,2023-10-05 03:41:00,UdeA Caucasia,Habilitada,25.77778,95,0.00000
222,2023-10-05 03:42:00,UdeA Caucasia,Habilitada,25.77778,95,0.00000
223,2023-10-05 03:43:01,UdeA Caucasia,Habilitada,25.72222,95,0.00000
224,2023-10-05 03:44:01,UdeA Caucasia,Habilitada,25.72222,95,0.00000
225,2023-10-05 03:45:01,UdeA Caucasia,Habilitada,25.72222,95,0.00000
226,2023-10-05 03:46:01,UdeA Caucasia,Habilitada,25.72222,95,0.00000
227,2023-10-05 03:47:00,UdeA Caucasia,Habilitada,25.72222,95,0.00000
228,2023-10-05 03:48:00,UdeA Caucasia,Habilitada,25.66667,95,0.00000
229,2023-10-05 03:49:00,UdeA Caucasia,Habilitada,25.66667,95,0.00000
230,2023-10-05 03:50:00,UdeA Caucasia,Habilitada,25.66667,96,0.00000
231,2023-10-05 03:51:00,UdeA Caucasia,Habilitada,25.66667,96,0.00000
232,2023-10-05 03:52:00,UdeA Caucasia,Habilitada,25.66667,96,0.00000
233,2023-10-05 03:53:00,UdeA Caucasia,Habilitada,25.66667,96,0.00000
234,2023-10-05 03:54:00,UdeA Caucasia,Habilitada,25.66667,96,0.00000
235,2023-10-05 03:55:00,UdeA Caucasia,Habilitada,25.66667,96,0.00000
236,2023-10-05 03:56:00,UdeA Caucasia,Habilitada,25.66667,96,0.00000
237,2023-10-05 03:57:00,UdeA Caucasia,Habilitada,25.66667,96,0.00000
238,2023-10-05 03:58:00,UdeA Caucasia,Habilitada,25.66667,96,0.00000
239,2023-10-05 03:59:00,UdeA Caucasia,Habilitada,25.66667,96,0.00000
240,2023-10-05 04:00:00,UdeA Caucasia,Habilitada,25.66667,96,0.00000
241,2023-10-05 04:01:00,UdeA Caucasia,Habilitada,25.72222,96,0.00000
242,2023-10-05 04:02:00,UdeA Caucasia,Habilitada,25.72222,96,0.00000
243,2023-10-05 04:03:01,UdeA Caucasia,Habilitada,25.72222,96,0.00000
244,2023-10-05 04:04:00,UdeA Caucasia,Habilitada,25.72222,96,0.00000
245,2023-10-05 04:05:00,UdeA Caucasia,Habilitada,25.72222,96,0.00000
246,2023-10-05 04:06:01,UdeA Caucasia,Habilitada,25.72222,96,0.00000
247,2023-10-05 04:07:01,UdeA Caucasia,Habilitada,25.61111,96,0.00000
248,2023-10-05 04:08:01,UdeA Caucasia,Habilitada,25.50000,95,0.00000
249,2023-10-05 04:09:00,UdeA Caucasia,Habilitada,25.44444,95,0.00000
250,2023-10-05 04:10:00,UdeA Caucasia,Habilitada,25.44444,95,0.00000
251,2023-10-05 04:11:00,UdeA Caucasia,Habilitada,25.33333,95,0.00000
252,2023-10-05 04:12:00,UdeA Caucasia,Habilitada,25.33333,94,0.00000
253,2023-10-05 04:13:00,UdeA Caucasia,Habilitada,25.22222,94,0.00000
254,2023-10-05 04:14:00,UdeA Caucasia,Habilitada,25.16667,93,0.00000
255,2023-10-05 04:15:00,UdeA Caucasia,Habilitada,25.11111,93,0.00000
256,2023-10-05 04:16:00,UdeA Caucasia,Habilitada,25.05556,93,0.00000
257,2023-10-05 04:17:00,UdeA Caucasia,Habilitada,25.05556,93,0.00000
258,2023-10-05 04:18:00,UdeA Caucasia,Habilitada,24.94444,93,0.00000
259,2023-10-05 04:19:00,UdeA Caucasia,Habilitada,24.88889,93,0.00000
260,2023-10-05 04:20:00,UdeA Caucasia,Habilitada,24.88889,93,0.00000
261,2023-10-05 04:21:00,UdeA Caucasia,Habilitada,24.88889,93,0.00000
262,2023-10-05 04:22:00,UdeA Caucasia,Habilitada,24.77778,93,0.00000
263,2023-10-05 04:23:00,UdeA Caucasia,Habilitada,24.77778,93,0.00000
264,2023-10-05 04:24:00,UdeA Caucasia,Habilitada,24.72222,93,0.00000
265,2023-10-05 04:25:00,UdeA Caucasia,Habilitada,24.66667,93,0.00000
266,2023-10-05 04:26:00,UdeA Caucasia,Habilitada,24.61111,93,0.00000
267,2023-10-05 04:27:00,UdeA Caucasia,Habilitada,24.61111,93,0.00000
268,2023-10-05 04:28:00,UdeA Caucasia,Habilitada,24.55556,93,0.00000
269,2023-10-05 04:29:00,UdeA Caucasia,Habilitada,24.55556,93,0.00000
270,2023-10-05 04:30:00,UdeA Caucasia,Habilitada,24.50000,94,0.00000
271,2023-10-05 04:31:00,UdeA Caucasia,Habilitada,24.50000,94,0.00000
272,2023-10-05 04:32:00,UdeA Caucasia,Habilitada,24.55556,94,0.00000
273,2023-10-05 04:33:00,UdeA Caucasia,Habilitada,24.50000,94,0.00000
274,2023-10-05 04:34:00,UdeA Caucasia,Habilitada,24.50000,94,0.00000
275,2023-10-05 04:35:00,UdeA Caucasia,Habilitada,24.50000,94,0.00000
276,2023-10-05 04:36:00,UdeA Caucasia,Habilitada,24.44444,94,0.00000
277,2023-10-05 04:37:00,UdeA Caucasia,Habilitada,24.44444,94,0.00000
278,2023-10-05 04:38:00,UdeA Caucasia,Habilitada,24.44444,94,0.00000
279,2023-10-05 04:39:00,UdeA Caucasia,Habilitada,24.44444,94,0.00000
280,2023-10-05 04:40:00,UdeA Caucasia,Habilitada,24.44444,94,0.00000
281,2023-10-05 04:41:00,UdeA Caucasia,Habilitada,24.38889,94,0.00000
282,2023-10-05 04:42:00,UdeA Caucasia,Habilitada,24.38889,93,0.00000
283,2023-10-05 04:43:00,UdeA Caucasia,Habilitada,24.38889,93,0.00000
284,2023-10-05 04:44:00,UdeA Caucasia,Habilitada,24.38889,94,0.00000
285,2023-10-05 04:45:01,UdeA Caucasia,Habilitada,24.44444,94,0.00000
286,2023-10-05 04:46:01,UdeA Caucasia,Habilitada,24.33333,94,0.00000
287,2023-10-05 04:47:01,UdeA Caucasia,Habilitada,24.38889,94,0.00000
288,2023-10-05 04:48:01,UdeA Caucasia,Habilitada,24.33333,94,0.00000
289,2023-10-05 04:49:00,UdeA Caucasia,Habilitada,24.33333,94,0.00000
290,2023-10-05 04:50:00,UdeA Caucasia,Habilitada,24.33333,94,0.00000
291,2023-10-05 04:51:00,UdeA Caucasia,Habilitada,24.38889,94,0.00000
292,2023-10-05 04:52:00,UdeA Caucasia,Habilitada,24.33333,94,0.00000
293,2023-10-05 04:53:00,UdeA Caucasia,Habilitada,24.33333,94,0.00000
294,2023-10-05 04:54:00,UdeA Caucasia,Habilitada,24.33333,94,0.00000
295,2023-10-05 04:55:00,UdeA Caucasia,Habilitada,24.33333,94,0.00000
296,2023-10-05 04:56:00,UdeA Caucasia,Habilitada,24.33333,94,0.00000
297,2023-10-05 04:57:00,UdeA Caucasia,Habilitada,24.33333,94,0.00000
298,2023-10-05 04:58:00,UdeA Caucasia,Habilitada,24.33333,94,0.00000
299,2023-10-05 04:59:00,UdeA Caucasia,Habilitada,24.33333,94,0.00000
300,2023-10-05 05:00:00,UdeA Caucasia,Habilitada,24.33333,94,0.00000
301,2023-10-05 05:01:00,UdeA Caucasia,Habilitada,24.27778,94,0.00000
302,2023-10-05 05:02:00,UdeA Caucasia,Habilitada,24.27778,94,0.00000
303,2023-10-05 05:03:01,UdeA Caucasia,Habilitada,24.33333,94,0.00000
304,2023-10-05 05:04:00,UdeA Caucasia,Habilitada,24.27778,94,0.00000
305,2023-10-05 05:05:00,UdeA Caucasia,Habilitada,24.27778,94,0.00000
306,2023-10-05 05:06:01,UdeA Caucasia,Habilitada,24.27778,94,0.00000
307,2023-10-05 05:07:00,UdeA Caucasia,Habilitada,24.22222,94,0.00000
308,2023-10-05 05:08:02,UdeA Caucasia,Habilitada,24.22222,94,0.00000
309,2023-10-05 05:09:00,UdeA Caucasia,Habilitada,24.16667,94,0.00000
310,2023-10-05 05:10:00,UdeA Caucasia,Habilitada,24.16667,93,0.00000
311,2023-10-05 05:11:00,UdeA Caucasia,Habilitada,24.16667,93,0.00000
312,2023-10-05 05:12:00,UdeA Caucasia,Habilitada,24.16667,93,0.00000
313,2023-10-05 05:13:00,UdeA Caucasia,Habilitada,24.11111,93,0.00000
314,2023-10-05 05:14:00,UdeA Caucasia,Habilitada,24.16667,93,0.00000
315,2023-10-05 05:15:00,UdeA Caucasia,Habilitada,24.11111,93,0.00000
316,2023-10-05 05:16:00,UdeA Caucasia,Habilitada,24.16667,93,0.00000
317,2023-10-05 05:17:00,UdeA Caucasia,Habilitada,24.16667,93,0.00000
318,2023-10-05 05:18:00,UdeA Caucasia,Habilitada,24.11111,93,0.00000
319,2023-10-05 05:19:00,UdeA Caucasia,Habilitada,24.16667,93,0.00000
320,2023-10-05 05:20:00,UdeA Caucasia,Habilitada,24.11111,93,0.00000
321,2023-10-05 05:21:00,UdeA Caucasia,Habilitada,24.11111,93,0.00000
322,2023-10-05 05:22:00,UdeA Caucasia,Habilitada,24.16667,93,0.00000
323,2023-10-05 05:23:00,UdeA Caucasia,Habilitada,24.16667,94,0.00000
324,2023-10-05 05:24:00,UdeA Caucasia,Habilitada,24.11111,94,0.00000
325,2023-10-05 05:25:00,UdeA Caucasia,Habilitada,24.16667,94,0.00000
326,2023-10-05 05:26:00,UdeA Caucasia,Habilitada,24.16667,94,0.00000
327,2023-10-05 05:27:00,UdeA Caucasia,Habilitada,24.16667,94,0.00000
328,2023-10-05 05:28:00,UdeA Caucasia,Habilitada,24.16667,94,0.00000
329,2023-10-05 05:29:00,UdeA Caucasia,Habilitada,24.11111,94,0.00000
330,2023-10-05 05:30:00,UdeA Caucasia,Habilitada,24.11111,93,0.00000
331,2023-10-05 05:31:00,UdeA Caucasia,Habilitada,24.11111,93,0.00000
332,2023-10-05 05:32:00,UdeA Caucasia,Habilitada,24.11111,93,0.00000
333,2023-10-05 05:33:00,UdeA Caucasia,Habilitada,24.11111,93,0.00000
334,2023-10-05 05:34:00,UdeA Caucasia,Habilitada,24.11111,93,0.00000
335,2023-10-05 05:35:00,UdeA Caucasia,Habilitada,24.11111,93,0.00000
336,2023-10-05 05:36:00,UdeA Caucasia,Habilitada,24.11111,93,0.00000
337,2023-10-05 05:37:00,UdeA Caucasia,Habilitada,24.11111,93,0.00000
338,2023-10-05 05:38:00,UdeA Caucasia,Habilitada,24.11111,93,0.00000
339,2023-10-05 05:39:00,UdeA Caucasia,Habilitada,24.11111,93,0.00000
340,2023-10-05 05:40:00,UdeA Caucasia,Habilitada,24.05556,93,0.00000
341,2023-10-05 05:41:00,UdeA Caucasia,Habilitada,24.05556,93,0.00000
342,2023-10-05 05:42:00,UdeA Caucasia,Habilitada,24.05556,93,0.00000
343,2023-10-05 05:43:00,UdeA Caucasia,Habilitada,24.05556,93,0.00000
344,2023-10-05 05:44:01,UdeA Caucasia,Habilitada,24.05556,93,0.00000
345,2023-10-05 05:45:01,UdeA Caucasia,Habilitada,24.05556,93,0.00000
346,2023-10-05 05:46:01,UdeA Caucasia,Habilitada,24.05556,93,0.00000
347,2023-10-05 05:47:00,UdeA Caucasia,Habilitada,24.11111,94,0.00000
348,2023-10-05 05:48:00,UdeA Caucasia,Habilitada,24.05556,94,0.00000
349,2023-10-05 05:49:00,UdeA Caucasia,Habilitada,24.11111,94,0.00000
350,2023-10-05 05:50:00,UdeA Caucasia,Habilitada,24.11111,94,0.00000
351,2023-10-05 05:51:00,UdeA Caucasia,Habilitada,24.05556,94,0.00000
352,2023-10-05 05:52:00,UdeA Caucasia,Habilitada,24.05556,94,0.00000
353,2023-10-05 05:53:00,UdeA Caucasia,Habilitada,24.11111,94,0.00000
354,2023-10-05 05:54:00,UdeA Caucasia,Habilitada,24.11111,94,0.00000
355,2023-10-05 05:55:00,UdeA Caucasia,Habilitada,24.11111,94,0.00000
356,2023-10-05 05:56:00,UdeA Caucasia,Habilitada,24.11111,94,0.00000
357,2023-10-05 05:57:00,UdeA Caucasia,Habilitada,24.16667,94,0.00000
358,2023-10-05 05:58:00,UdeA Caucasia,Habilitada,24.11111,94,0.00000
359,2023-10-05 05:59:00,UdeA Caucasia,Habilitada,24.11111,94,0.00000
360,2023-10-05 06:00:00,UdeA Caucasia,Habilitada,24.16667,94,0.00000
361,2023-10-05 06:01:00,UdeA Caucasia,Habilitada,24.16667,95,0.00000
362,2023-10-05 06:02:01,UdeA Caucasia,Habilitada,24.16667,95,0.00000
363,2023-10-05 06:03:00,UdeA Caucasia,Habilitada,24.16667,95,0.00000
364,2023-10-05 06:04:00,UdeA Caucasia,Habilitada,24.16667,95,0.00000
365,2023-10-05 06:05:00,UdeA Caucasia,Habilitada,24.16667,95,0.00000
366,2023-10-05 06:06:00,UdeA Caucasia,Habilitada,24.16667,95,0.00000
367,2023-10-05 06:07:01,UdeA Caucasia,Habilitada,24.16667,95,0.00000
368,2023-10-05 06:08:01,UdeA Caucasia,Habilitada,24.22222,95,0.00000
369,2023-10-05 06:09:00,UdeA Caucasia,Habilitada,24.16667,95,0.00000
370,2023-10-05 06:10:00,UdeA Caucasia,Habilitada,24.16667,95,0.00000
371,2023-10-05 06:11:00,UdeA Caucasia,Habilitada,24.16667,95,0.00000
372,2023-10-05 06:12:00,UdeA Caucasia,Habilitada,24.16667,95,0.00000
373,2023-10-05 06:13:00,UdeA Caucasia,Habilitada,24.16667,95,0.00000
374,2023-10-05 06:14:00,UdeA Caucasia,Habilitada,24.16667,95,0.00000
375,2023-10-05 06:15:00,UdeA Caucasia,Habilitada,24.16667,95,0.00000
376,2023-10-05 06:16:00,UdeA Caucasia,Habilitada,24.22222,95,0.00000
377,2023-10-05 06:17:00,UdeA Caucasia,Habilitada,24.22222,95,0.00000
378,2023-10-05 06:18:00,UdeA Caucasia,Habilitada,24.22222,95,0.00000
379,2023-10-05 06:19:00,UdeA Caucasia,Habilitada,24.27778,95,0.00000
380,2023-10-05 06:20:00,UdeA Caucasia,Habilitada,24.27778,95,0.00000
381,2023-10-05 06:21:00,UdeA Caucasia,Habilitada,24.22222,95,0.00000
382,2023-10-05 06:22:00,UdeA Caucasia,Habilitada,24.22222,95,0.00000
383,2023-10-05 06:23:00,UdeA Caucasia,Habilitada,24.27778,95,0.00000
384,2023-10-05 06:24:00,UdeA Caucasia,Habilitada,24.27778,95,0.00000
385,2023-10-05 06:25:00,UdeA Caucasia,Habilitada,24.22222,95,0.00000
386,2023-10-05 06:26:00,UdeA Caucasia,Habilitada,24.27778,95,0.00000
387,2023-10-05 06:27:00,UdeA Caucasia,Habilitada,24.27778,95,0.00000
388,2023-10-05 06:28:00,UdeA Caucasia,Habilitada,24.27778,95,0.00000
389,2023-10-05 06:29:00,UdeA Caucasia,Habilitada,24.27778,95,0.00000
390,2023-10-05 06:30:00,UdeA Caucasia,Habilitada,24.27778,95,0.00000
391,2023-10-05 06:31:00,UdeA Caucasia,Habilitada,24.33333,95,0.00000
392,2023-10-05 06:32:00,UdeA Caucasia,Habilitada,24.27778,95,0.00000
393,2023-10-05 06:33:00,UdeA Caucasia,Habilitada,24.33333,95,0.00000
394,2023-10-05 06:34:00,UdeA Caucasia,Habilitada,24.33333,95,0.00000
395,2023-10-05 06:35:00,UdeA Caucasia,Habilitada,24.33333,96,0.00000
396,2023-10-05 06:36:00,UdeA Caucasia,Habilitada,24.38889,96,0.00000
397,2023-10-05 06:37:00,UdeA Caucasia,Habilitada,24.38889,96,0.00000
398,2023-10-05 06:38:00,UdeA Caucasia,Habilitada,24.38889,95,0.00000
399,2023-10-05 06:39:00,UdeA Caucasia,Habilitada,24.44444,96,0.00000
400,2023-10-05 06:40:00,UdeA Caucasia,Habilitada,24.44444,95,0.00000
401,2023-10-05 06:41:00,UdeA Caucasia,Habilitada,24.44444,95,0.00000
402,2023-10-05 06:42:00,UdeA Caucasia,Habilitada,24.50000,95,0.00000
403,2023-10-05 06:43:00,UdeA Caucasia,Habilitada,24.44444,95,0.00000
404,2023-10-05 06:44:00,UdeA Caucasia,Habilitada,24.44444,95,0.00000
405,2023-10-05 06:45:00,UdeA Caucasia,Habilitada,24.44444,95,0.00000
406,2023-10-05 06:46:01,UdeA Caucasia,Habilitada,24.50000,95,0.00000
407,2023-10-05 06:47:01,UdeA Caucasia,Habilitada,24.50000,96,0.00000
408,2023-10-05 06:48:01,UdeA Caucasia,Habilitada,24.55556,96,0.00000
409,2023-10-05 06:49:00,UdeA Caucasia,Habilitada,24.55556,96,0.00000
410,2023-10-05 06:50:00,UdeA Caucasia,Habilitada,24.55556,96,0.00000
411,2023-10-05 06:51:00,UdeA Caucasia,Habilitada,24.61111,96,0.00000
412,2023-10-05 06:52:00,UdeA Caucasia,Habilitada,24.61111,95,0.00000
413,2023-10-05 06:53:00,UdeA Caucasia,Habilitada,24.61111,95,0.00000
414,2023-10-05 06:54:00,UdeA Caucasia,Habilitada,24.61111,96,0.00000
415,2023-10-05 06:55:00,UdeA Caucasia,Habilitada,24.66667,96,0.00000
416,2023-10-05 06:56:00,UdeA Caucasia,Habilitada,24.61111,96,0.00000
417,2023-10-05 06:57:00,UdeA Caucasia,Habilitada,24.66667,96,0.00000
418,2023-10-05 06:58:00,UdeA Caucasia,Habilitada,24.72222,96,0.00000
419,2023-10-05 06:59:00,UdeA Caucasia,Habilitada,24.72222,96,0.00000
420,2023-10-05 07:00:00,UdeA Caucasia,Habilitada,24.77778,96,0.00000
421,2023-10-05 07:01:00,UdeA Caucasia,Habilitada,24.77778,96,0.00000
422,2023-10-05 07:02:01,UdeA Caucasia,Habilitada,24.77778,96,0.00000
423,2023-10-05 07:03:00,UdeA Caucasia,Habilitada,24.83333,96,0.00000
424,2023-10-05 07:04:00,UdeA Caucasia,Habilitada,24.83333,96,0.00000
425,2023-10-05 07:05:00,UdeA Caucasia,Habilitada,24.88889,96,0.00000
426,2023-10-05 07:06:01,UdeA Caucasia,Habilitada,24.88889,96,0.00000
427,2023-10-05 07:07:00,UdeA Caucasia,Habilitada,24.94444,96,0.00000
428,2023-10-05 07:08:00,UdeA Caucasia,Habilitada,25.00000,96,0.00000
429,2023-10-05 07:09:00,UdeA Caucasia,Habilitada,25.00000,96,0.00000
430,2023-10-05 07:10:00,UdeA Caucasia,Habilitada,25.05556,96,0.00000
431,2023-10-05 07:11:00,UdeA Caucasia,Habilitada,25.11111,96,0.00000
432,2023-10-05 07:12:00,UdeA Caucasia,Habilitada,25.11111,96,0.00000
433,2023-10-05 07:13:00,UdeA Caucasia,Habilitada,25.16667,96,0.00000
434,2023-10-05 07:14:00,UdeA Caucasia,Habilitada,25.16667,96,0.00000
435,2023-10-05 07:15:00,UdeA Caucasia,Habilitada,25.16667,96,0.00000
436,2023-10-05 07:16:00,UdeA Caucasia,Habilitada,25.22222,96,0.00000
437,2023-10-05 07:17:00,UdeA Caucasia,Habilitada,25.22222,96,0.00000
438,2023-10-05 07:18:00,UdeA Caucasia,Habilitada,25.27778,96,0.00000
439,2023-10-05 07:19:00,UdeA Caucasia,Habilitada,25.27778,96,0.00000
440,2023-10-05 07:20:00,UdeA Caucasia,Habilitada,25.33333,96,0.00000
441,2023-10-05 07:21:00,UdeA Caucasia,Habilitada,25.33333,96,0.00000
442,2023-10-05 07:22:00,UdeA Caucasia,Habilitada,25.38889,96,0.00000
443,2023-10-05 07:23:00,UdeA Caucasia,Habilitada,25.44444,96,0.00000
444,2023-10-05 07:24:00,UdeA Caucasia,Habilitada,25.44444,96,0.00000
445,2023-10-05 07:25:00,UdeA Caucasia,Habilitada,25.44444,95,0.00000
446,2023-10-05 07:26:00,UdeA Caucasia,Habilitada,25.44444,96,0.00000
447,2023-10-05 07:27:00,UdeA Caucasia,Habilitada,25.55556,96,0.00000
448,2023-10-05 07:28:00,UdeA Caucasia,Habilitada,25.55556,95,0.00000
449,2023-10-05 07:29:00,UdeA Caucasia,Habilitada,25.55556,95,0.00000
450,2023-10-05 07:30:00,UdeA Caucasia,Habilitada,25.61111,95,0.00000
451,2023-10-05 07:31:00,UdeA Caucasia,Habilitada,25.61111,95,0.00000
452,2023-10-05 07:32:00,UdeA Caucasia,Habilitada,25.61111,95,0.00000
453,2023-10-05 07:33:00,UdeA Caucasia,Habilitada,25.61111,95,0.00000
454,2023-10-05 07:34:00,UdeA Caucasia,Habilitada,25.66667,95,0.00000
455,2023-10-05 07:35:00,UdeA Caucasia,Habilitada,25.66667,95,0.00000
456,2023-10-05 07:36:00,UdeA Caucasia,Habilitada,25.72222,95,0.00000
457,2023-10-05 07:37:00,UdeA Caucasia,Habilitada,25.72222,95,0.00000
458,2023-10-05 07:38:00,UdeA Caucasia,Habilitada,25.72222,95,0.00000
459,2023-10-05 07:39:00,UdeA Caucasia,Habilitada,25.72222,94,0.00000
460,2023-10-05 07:40:00,UdeA Caucasia,Habilitada,25.72222,94,0.00000
461,2023-10-05 07:41:00,UdeA Caucasia,Habilitada,25.72222,95,0.00000
462,2023-10-05 07:42:00,UdeA Caucasia,Habilitada,25.77778,95,0.00000
463,2023-10-05 07:43:00,UdeA Caucasia,Habilitada,25.77778,95,0.00000
464,2023-10-05 07:44:00,UdeA Caucasia,Habilitada,25.77778,95,0.00000
465,2023-10-05 07:45:01,UdeA Caucasia,Habilitada,25.83333,95,0.00000
466,2023-10-05 07:46:01,UdeA Caucasia,Habilitada,25.83333,95,0.00000
467,2023-10-05 07:47:00,UdeA Caucasia,Habilitada,25.88889,94,0.00000
468,2023-10-05 07:48:00,UdeA Caucasia,Habilitada,25.88889,94,0.00000
469,2023-10-05 07:49:00,UdeA Caucasia,Habilitada,25.88889,94,0.00000
470,2023-10-05 07:50:00,UdeA Caucasia,Habilitada,25.94444,94,0.00000
471,2023-10-05 07:51:00,UdeA Caucasia,Habilitada,26.00000,94,0.00000
472,2023-10-05 07:52:00,UdeA Caucasia,Habilitada,26.00000,94,0.00000
473,2023-10-05 07:53:00,UdeA Caucasia,Habilitada,26.00000,94,0.00000
474,2023-10-05 07:54:00,UdeA Caucasia,Habilitada,26.00000,94,0.00000
475,2023-10-05 07:55:00,UdeA Caucasia,Habilitada,25.94444,94,0.00000
476,2023-10-05 07:56:00,UdeA Caucasia,Habilitada,26.00000,94,0.00000
477,2023-10-05 07:57:00,UdeA Caucasia,Habilitada,26.00000,94,0.00000
478,2023-10-05 07:58:00,UdeA Caucasia,Habilitada,26.00000,94,0.00000
479,2023-10-05 07:59:00,UdeA Caucasia,Habilitada,26.05556,94,0.00000
480,2023-10-05 08:00:00,UdeA Caucasia,Habilitada,26.05556,94,0.00000
481,2023-10-05 08:01:00,UdeA Caucasia,Habilitada,26.11111,94,0.00000
482,2023-10-05 08:02:01,UdeA Caucasia,Habilitada,26.11111,94,0.00000
483,2023-10-05 08:03:00,UdeA Caucasia,Habilitada,26.16667,94,0.00000
484,2023-10-05 08:04:00,UdeA Caucasia,Habilitada,26.16667,94,0.00000
485,2023-10-05 08:05:00,UdeA Caucasia,Habilitada,26.22222,94,0.00000
486,2023-10-05 08:06:00,UdeA Caucasia,Habilitada,26.22222,94,0.00000
487,2023-10-05 08:07:00,UdeA Caucasia,Habilitada,26.22222,94,0.00000
488,2023-10-05 08:08:00,UdeA Caucasia,Habilitada,26.27778,93,0.00000
489,2023-10-05 08:09:00,UdeA Caucasia,Habilitada,26.33333,93,0.00000
490,2023-10-05 08:10:00,UdeA Caucasia,Habilitada,26.33333,93,0.00000
491,2023-10-05 08:11:00,UdeA Caucasia,Habilitada,26.44444,93,0.00000
492,2023-10-05 08:12:00,UdeA Caucasia,Habilitada,26.44444,93,0.00000
493,2023-10-05 08:13:00,UdeA Caucasia,Habilitada,26.50000,93,0.00000
494,2023-10-05 08:14:00,UdeA Caucasia,Habilitada,26.50000,92,0.00000
495,2023-10-05 08:15:00,UdeA Caucasia,Habilitada,26.55556,91,0.00000
496,2023-10-05 08:16:00,UdeA Caucasia,Habilitada,26.61111,91,0.00000
497,2023-10-05 08:17:00,UdeA Caucasia,Habilitada,26.72222,92,0.00000
498,2023-10-05 08:18:00,UdeA Caucasia,Habilitada,26.72222,92,0.00000
499,2023-10-05 08:19:00,UdeA Caucasia,Habilitada,26.77778,92,0.00000
500,2023-10-05 08:20:00,UdeA Caucasia,Habilitada,26.83333,91,0.00000
501,2023-10-05 08:21:00,UdeA Caucasia,Habilitada,26.88889,91,0.00000
502,2023-10-05 08:22:00,UdeA Caucasia,Habilitada,26.88889,91,0.00000
503,2023-10-05 08:23:00,UdeA Caucasia,Habilitada,26.94444,91,0.00000
504,2023-10-05 08:24:00,UdeA Caucasia,Habilitada,27.00000,91,0.00000
505,2023-10-05 08:25:00,UdeA Caucasia,Habilitada,27.00000,91,0.00000
506,2023-10-05 08:26:00,UdeA Caucasia,Habilitada,27.05556,91,0.00000
507,2023-10-05 08:27:00,UdeA Caucasia,Habilitada,27.11111,90,0.00000
508,2023-10-05 08:28:00,UdeA Caucasia,Habilitada,27.11111,90,0.00000
509,2023-10-05 08:29:00,UdeA Caucasia,Habilitada,27.16667,90,0.00000
510,2023-10-05 08:30:00,UdeA Caucasia,Habilitada,27.16667,90,0.00000
511,2023-10-05 08:31:00,UdeA Caucasia,Habilitada,27.22222,90,0.00000
512,2023-10-05 08:32:00,UdeA Caucasia,Habilitada,27.22222,90,0.00000
513,2023-10-05 08:33:00,UdeA Caucasia,Habilitada,27.27778,90,0.00000
514,2023-10-05 08:34:00,UdeA Caucasia,Habilitada,27.33333,90,0.00000
515,2023-10-05 08:35:00,UdeA Caucasia,Habilitada,27.38889,90,0.00000
516,2023-10-05 08:36:00,UdeA Caucasia,Habilitada,27.38889,89,0.00000
517,2023-10-05 08:37:00,UdeA Caucasia,Habilitada,27.44444,89,0.00000
518,2023-10-05 08:38:00,UdeA Caucasia,Habilitada,27.50000,89,0.00000
519,2023-10-05 08:39:00,UdeA Caucasia,Habilitada,27.55556,89,0.00000
520,2023-10-05 08:40:00,UdeA Caucasia,Habilitada,27.61111,89,0.00000
521,2023-10-05 08:41:00,UdeA Caucasia,Habilitada,27.72222,89,0.00000
522,2023-10-05 08:42:00,UdeA Caucasia,Habilitada,27.77778,89,0.00000
523,2023-10-05 08:43:01,UdeA Caucasia,Habilitada,27.88889,89,0.00000
524,2023-10-05 08:44:01,UdeA Caucasia,Habilitada,28.05556,88,0.00000
525,2023-10-05 08:45:01,UdeA Caucasia,Habilitada,28.11111,87,0.00000
526,2023-10-05 08:46:00,UdeA Caucasia,Habilitada,28.16667,87,0.00000
527,2023-10-05 08:47:00,UdeA Caucasia,Habilitada,28.22222,87,0.00000
528,2023-10-05 08:48:00,UdeA Caucasia,Habilitada,28.22222,86,0.00000
529,2023-10-05 08:49:00,UdeA Caucasia,Habilitada,28.22222,87,0.00000
530,2023-10-05 08:50:00,UdeA Caucasia,Habilitada,28.16667,86,0.00000
531,2023-10-05 08:51:03,UdeA Caucasia,Habilitada,28.16667,87,0.00000
532,2023-10-05 08:52:00,UdeA Caucasia,Habilitada,28.11111,86,0.00000
533,2023-10-05 08:53:03,UdeA Caucasia,Habilitada,28.05556,86,0.00000
534,2023-10-05 08:54:00,UdeA Caucasia,Habilitada,28.00000,86,0.00000
535,2023-10-05 08:55:00,UdeA Caucasia,Habilitada,28.00000,87,0.00000
536,2023-10-05 08:56:00,UdeA Caucasia,Habilitada,27.94444,87,0.00000
537,2023-10-05 08:57:00,UdeA Caucasia,Habilitada,27.94444,87,0.00000
538,2023-10-05 08:58:00,UdeA Caucasia,Habilitada,28.00000,87,0.00000
539,2023-10-05 08:59:00,UdeA Caucasia,Habilitada,27.94444,87,0.00000
540,2023-10-05 09:00:00,UdeA Caucasia,Habilitada,28.00000,87,0.00000
541,2023-10-05 09:01:00,UdeA Caucasia,Habilitada,28.00000,87,0.00000
542,2023-10-05 09:02:00,UdeA Caucasia,Habilitada,28.05556,87,0.00000
543,2023-10-05 09:03:00,UdeA Caucasia,Habilitada,28.05556,87,0.00000
544,2023-10-05 09:04:00,UdeA Caucasia,Habilitada,28.05556,87,0.00000
545,2023-10-05 09:05:00,UdeA Caucasia,Habilitada,28.05556,87,0.00000
546,2023-10-05 09:06:01,UdeA Caucasia,Habilitada,28.05556,87,0.00000
547,2023-10-05 09:07:01,UdeA Caucasia,Habilitada,28.05556,88,0.00000
548,2023-10-05 09:08:01,UdeA Caucasia,Habilitada,28.11111,87,0.00000
549,2023-10-05 09:09:01,UdeA Caucasia,Habilitada,28.11111,87,0.00000
550,2023-10-05 09:10:00,UdeA Caucasia,Habilitada,28.16667,87,0.00000
551,2023-10-05 09:11:00,UdeA Caucasia,Habilitada,28.22222,87,0.00000
552,2023-10-05 09:12:00,UdeA Caucasia,Habilitada,28.33333,87,0.00000
553,2023-10-05 09:13:00,UdeA Caucasia,Habilitada,28.44444,87,0.00000
554,2023-10-05 09:14:00,UdeA Caucasia,Habilitada,28.50000,86,0.00000
555,2023-10-05 09:15:00,UdeA Caucasia,Habilitada,28.66667,87,0.00000
556,2023-10-05 09:16:00,UdeA Caucasia,Habilitada,28.83333,86,0.00000
557,2023-10-05 09:17:00,UdeA Caucasia,Habilitada,28.94444,85,0.00000
558,2023-10-05 09:18:00,UdeA Caucasia,Habilitada,29.05556,85,0.00000
559,2023-10-05 09:19:00,UdeA Caucasia,Habilitada,29.11111,83,0.00000
560,2023-10-05 09:20:00,UdeA Caucasia,Habilitada,29.16667,84,0.00000
561,2023-10-05 09:21:00,UdeA Caucasia,Habilitada,29.22222,83,0.00000
562,2023-10-05 09:22:00,UdeA Caucasia,Habilitada,29.27778,82,0.00000
563,2023-10-05 09:23:00,UdeA Caucasia,Habilitada,29.33333,82,0.00000
564,2023-10-05 09:24:00,UdeA Caucasia,Habilitada,29.44444,83,0.00000
565,2023-10-05 09:25:00,UdeA Caucasia,Habilitada,29.50000,82,0.00000
566,2023-10-05 09:26:00,UdeA Caucasia,Habilitada,29.55556,82,0.00000
567,2023-10-05 09:27:00,UdeA Caucasia,Habilitada,29.66667,81,0.00000
568,2023-10-05 09:28:00,UdeA Caucasia,Habilitada,29.72222,82,0.00000
569,2023-10-05 09:29:00,UdeA Caucasia,Habilitada,29.83333,83,0.00000
570,2023-10-05 09:30:00,UdeA Caucasia,Habilitada,29.88889,81,0.00000
571,2023-10-05 09:31:00,UdeA Caucasia,Habilitada,29.94444,80,0.00000
572,2023-10-05 09:32:07,UdeA Caucasia,Habilitada,29.94444,80,0.00000
573,2023-10-05 09:33:00,UdeA Caucasia,Habilitada,29.88889,80,0.00000
574,2023-10-05 09:34:00,UdeA Caucasia,Habilitada,29.88889,80,0.00000
575,2023-10-05 09:35:00,UdeA Caucasia,Habilitada,29.88889,80,0.00000
576,2023-10-05 09:36:00,UdeA Caucasia,Habilitada,29.83333,80,0.00000
577,2023-10-05 09:37:00,UdeA Caucasia,Habilitada,29.83333,80,0.00000
578,2023-10-05 09:38:00,UdeA Caucasia,Habilitada,29.77778,80,0.00000
579,2023-10-05 09:39:00,UdeA Caucasia,Habilitada,29.83333,81,0.00000
580,2023-10-05 09:40:00,UdeA Caucasia,Habilitada,29.83333,79,0.00000
581,2023-10-05 09:41:00,UdeA Caucasia,Habilitada,29.83333,80,0.00000
582,2023-10-05 09:42:00,UdeA Caucasia,Habilitada,29.83333,80,0.00000
583,2023-10-05 09:43:00,UdeA Caucasia,Habilitada,29.77778,79,0.00000
584,2023-10-05 09:44:00,UdeA Caucasia,Habilitada,29.72222,80,0.00000
585,2023-10-05 09:45:01,UdeA Caucasia,Habilitada,29.72222,79,0.00000
586,2023-10-05 09:46:01,UdeA Caucasia,Habilitada,29.66667,80,0.00000
587,2023-10-05 09:47:01,UdeA Caucasia,Habilitada,29.66667,80,0.00000
588,2023-10-05 09:48:01,UdeA Caucasia,Habilitada,29.61111,80,0.00000
589,2023-10-05 09:49:00,UdeA Caucasia,Habilitada,29.61111,80,0.00000
590,2023-10-05 09:50:00,UdeA Caucasia,Habilitada,29.66667,80,0.00000
591,2023-10-05 09:51:00,UdeA Caucasia,Habilitada,29.66667,80,0.00000
592,2023-10-05 09:52:00,UdeA Caucasia,Habilitada,29.66667,80,0.00000
593,2023-10-05 09:53:00,UdeA Caucasia,Habilitada,29.66667,81,0.00000
594,2023-10-05 09:54:00,UdeA Caucasia,Habilitada,29.66667,81,0.00000
595,2023-10-05 09:55:00,UdeA Caucasia,Habilitada,29.61111,81,0.00000
596,2023-10-05 09:56:00,UdeA Caucasia,Habilitada,29.66667,81,0.00000
597,2023-10-05 09:57:00,UdeA Caucasia,Habilitada,29.66667,82,0.00000
598,2023-10-05 09:58:00,UdeA Caucasia,Habilitada,29.66667,82,0.00000
599,2023-10-05 09:59:00,UdeA Caucasia,Habilitada,29.66667,82,0.00000
600,2023-10-05 10:00:00,UdeA Caucasia,Habilitada,29.66667,82,0.00000
601,2023-10-05 10:01:00,UdeA Caucasia,Habilitada,29.66667,81,0.00000
602,2023-10-05 10:02:00,UdeA Caucasia,Habilitada,29.66667,81,0.00000
603,2023-10-05 10:03:00,UdeA Caucasia,Habilitada,29.66667,82,0.00000
604,2023-10-05 10:04:01,UdeA Caucasia,Habilitada,29.61111,81,0.00000
605,2023-10-05 10:05:00,UdeA Caucasia,Habilitada,29.55556,82,0.00000
606,2023-10-05 10:06:01,UdeA Caucasia,Habilitada,29.50000,82,0.00000
607,2023-10-05 10:07:01,UdeA Caucasia,Habilitada,29.38889,82,0.00000
608,2023-10-05 10:08:00,UdeA Caucasia,Habilitada,29.33333,82,0.00000
609,2023-10-05 10:09:00,UdeA Caucasia,Habilitada,29.33333,82,0.00000
610,2023-10-05 10:10:00,UdeA Caucasia,Habilitada,29.33333,82,0.00000
611,2023-10-05 10:11:00,UdeA Caucasia,Habilitada,29.27778,82,0.00000
612,2023-10-05 10:12:00,UdeA Caucasia,Habilitada,29.27778,83,0.00000
613,2023-10-05 10:13:00,UdeA Caucasia,Habilitada,29.27778,82,0.00000
614,2023-10-05 10:14:00,UdeA Caucasia,Habilitada,29.33333,82,0.00000
615,2023-10-05 10:15:00,UdeA Caucasia,Habilitada,29.33333,81,0.00000
616,2023-10-05 10:16:00,UdeA Caucasia,Habilitada,29.44444,81,0.00000
617,2023-10-05 10:17:00,UdeA Caucasia,Habilitada,29.50000,82,0.00000
618,2023-10-05 10:18:00,UdeA Caucasia,Habilitada,29.55556,81,0.00000
619,2023-10-05 10:19:00,UdeA Caucasia,Habilitada,29.66667,81,0.00000
620,2023-10-05 10:20:00,UdeA Caucasia,Habilitada,29.72222,81,0.00000
621,2023-10-05 10:21:00,UdeA Caucasia,Habilitada,29.88889,80,0.00000
622,2023-10-05 10:22:00,UdeA Caucasia,Habilitada,29.94444,80,0.00000
623,2023-10-05 10:23:00,UdeA Caucasia,Habilitada,30.00000,79,0.00000
624,2023-10-05 10:24:00,UdeA Caucasia,Habilitada,30.05556,79,0.00000
625,2023-10-05 10:25:00,UdeA Caucasia,Habilitada,30.05556,78,0.00000
626,2023-10-05 10:26:00,UdeA Caucasia,Habilitada,30.05556,78,0.00000
627,2023-10-05 10:27:00,UdeA Caucasia,Habilitada,30.05556,78,0.00000
628,2023-10-05 10:28:00,UdeA Caucasia,Habilitada,30.11111,78,0.00000
629,2023-10-05 10:29:00,UdeA Caucasia,Habilitada,30.11111,78,0.00000
630,2023-10-05 10:30:00,UdeA Caucasia,Habilitada,30.16667,77,0.00000
631,2023-10-05 10:31:00,UdeA Caucasia,Habilitada,30.22222,78,0.00000
632,2023-10-05 10:32:00,UdeA Caucasia,Habilitada,30.27778,78,0.00000
633,2023-10-05 10:33:00,UdeA Caucasia,Habilitada,30.38889,78,0.00000
634,2023-10-05 10:34:00,UdeA Caucasia,Habilitada,30.44444,77,0.00000
635,2023-10-05 10:35:00,UdeA Caucasia,Habilitada,30.55556,77,0.00000
636,2023-10-05 10:36:00,UdeA Caucasia,Habilitada,30.61111,78,0.00000
637,2023-10-05 10:37:00,UdeA Caucasia,Habilitada,30.72222,78,0.00000
638,2023-10-05 10:38:00,UdeA Caucasia,Habilitada,30.83333,77,0.00000
639,2023-10-05 10:39:00,UdeA Caucasia,Habilitada,30.94444,78,0.00000
640,2023-10-05 10:40:00,UdeA Caucasia,Habilitada,31.00000,75,0.00000
641,2023-10-05 10:41:00,UdeA Caucasia,Habilitada,31.05556,76,0.00000
642,2023-10-05 10:42:00,UdeA Caucasia,Habilitada,31.05556,75,0.00000
643,2023-10-05 10:43:00,UdeA Caucasia,Habilitada,31.05556,75,0.00000
644,2023-10-05 10:44:01,UdeA Caucasia,Habilitada,31.00000,76,0.00000
645,2023-10-05 10:45:01,UdeA Caucasia,Habilitada,31.05556,76,0.00000
646,2023-10-05 10:46:01,UdeA Caucasia,Habilitada,31.11111,75,0.00000
647,2023-10-05 10:47:01,UdeA Caucasia,Habilitada,31.16667,76,0.00000
648,2023-10-05 10:48:00,UdeA Caucasia,Habilitada,31.22222,76,0.00000
649,2023-10-05 10:49:00,UdeA Caucasia,Habilitada,31.27778,74,0.00000
650,2023-10-05 10:50:00,UdeA Caucasia,Habilitada,31.33333,75,0.00000
651,2023-10-05 10:51:00,UdeA Caucasia,Habilitada,31.38889,74,0.00000
652,2023-10-05 10:52:00,UdeA Caucasia,Habilitada,31.44444,74,0.00000
653,2023-10-05 10:53:00,UdeA Caucasia,Habilitada,31.44444,73,0.00000
654,2023-10-05 10:54:00,UdeA Caucasia,Habilitada,31.44444,74,0.00000
655,2023-10-05 10:55:00,UdeA Caucasia,Habilitada,31.44444,73,0.00000
656,2023-10-05 10:56:00,UdeA Caucasia,Habilitada,31.38889,73,0.00000
657,2023-10-05 10:57:00,UdeA Caucasia,Habilitada,31.38889,74,0.00000
658,2023-10-05 10:58:00,UdeA Caucasia,Habilitada,31.38889,74,0.00000
659,2023-10-05 10:59:00,UdeA Caucasia,Habilitada,31.44444,74,0.00000
660,2023-10-05 11:00:00,UdeA Caucasia,Habilitada,31.44444,74,0.00000
661,2023-10-05 11:01:00,UdeA Caucasia,Habilitada,31.44444,75,0.00000
662,2023-10-05 11:02:00,UdeA Caucasia,Habilitada,31.44444,74,0.00000
663,2023-10-05 11:03:00,UdeA Caucasia,Habilitada,31.44444,74,0.00000
664,2023-10-05 11:04:01,UdeA Caucasia,Habilitada,31.50000,75,0.00000
665,2023-10-05 11:05:00,UdeA Caucasia,Habilitada,31.44444,73,0.00000
666,2023-10-05 11:06:00,UdeA Caucasia,Habilitada,31.44444,73,0.00000
667,2023-10-05 11:07:00,UdeA Caucasia,Habilitada,31.44444,74,0.00000
668,2023-10-05 11:08:00,UdeA Caucasia,Habilitada,31.44444,74,0.00000
669,2023-10-05 11:09:00,UdeA Caucasia,Habilitada,31.44444,74,0.00000
670,2023-10-05 11:10:00,UdeA Caucasia,Habilitada,31.44444,73,0.00000
671,2023-10-05 11:11:00,UdeA Caucasia,Habilitada,31.38889,73,0.00000
672,2023-10-05 11:12:00,UdeA Caucasia,Habilitada,31.44444,73,0.00000
673,2023-10-05 11:13:00,UdeA Caucasia,Habilitada,31.44444,73,0.00000
674,2023-10-05 11:14:00,UdeA Caucasia,Habilitada,31.38889,74,0.00000
675,2023-10-05 11:15:00,UdeA Caucasia,Habilitada,31.38889,73,0.00000
676,2023-10-05 11:16:00,UdeA Caucasia,Habilitada,31.33333,73,0.00000
677,2023-10-05 11:17:00,UdeA Caucasia,Habilitada,31.33333,73,0.00000
678,2023-10-05 11:18:00,UdeA Caucasia,Habilitada,31.27778,73,0.00000
679,2023-10-05 11:19:00,UdeA Caucasia,Habilitada,31.27778,74,0.00000
680,2023-10-05 11:20:00,UdeA Caucasia,Habilitada,31.16667,74,0.00000
681,2023-10-05 11:21:00,UdeA Caucasia,Habilitada,31.11111,74,0.00000
682,2023-10-05 11:22:00,UdeA Caucasia,Habilitada,31.05556,74,0.00000
683,2023-10-05 11:23:00,UdeA Caucasia,Habilitada,31.00000,74,0.00000
684,2023-10-05 11:24:00,UdeA Caucasia,Habilitada,31.00000,74,0.00000
685,2023-10-05 11:25:00,UdeA Caucasia,Habilitada,30.88889,75,0.00000
686,2023-10-05 11:26:00,UdeA Caucasia,Habilitada,30.77778,74,0.00000
687,2023-10-05 11:27:00,UdeA Caucasia,Habilitada,30.77778,74,0.00000
688,2023-10-05 11:28:00,UdeA Caucasia,Habilitada,30.72222,75,0.00000
689,2023-10-05 11:29:00,UdeA Caucasia,Habilitada,30.72222,76,0.00000
690,2023-10-05 11:30:00,UdeA Caucasia,Habilitada,30.77778,75,0.00000
691,2023-10-05 11:31:00,UdeA Caucasia,Habilitada,30.83333,75,0.00000
692,2023-10-05 11:32:00,UdeA Caucasia,Habilitada,30.94444,76,0.00000
693,2023-10-05 11:33:00,UdeA Caucasia,Habilitada,31.00000,75,0.00000
694,2023-10-05 11:34:00,UdeA Caucasia,Habilitada,31.22222,74,0.00000
695,2023-10-05 11:35:00,UdeA Caucasia,Habilitada,31.38889,74,0.00000
696,2023-10-05 11:36:00,UdeA Caucasia,Habilitada,31.55556,74,0.00000
697,2023-10-05 11:37:00,UdeA Caucasia,Habilitada,31.66667,72,0.00000
698,2023-10-05 11:38:00,UdeA Caucasia,Habilitada,31.77778,72,0.00000
699,2023-10-05 11:39:00,UdeA Caucasia,Habilitada,31.88889,71,0.00000
700,2023-10-05 11:40:00,UdeA Caucasia,Habilitada,32.05556,70,0.00000
701,2023-10-05 11:41:00,UdeA Caucasia,Habilitada,32.05556,70,0.00000
702,2023-10-05 11:42:01,UdeA Caucasia,Habilitada,32.05556,69,0.00000
703,2023-10-05 11:43:01,UdeA Caucasia,Habilitada,31.88889,70,0.00000
704,2023-10-05 11:44:01,UdeA Caucasia,Habilitada,31.83333,70,0.00000
705,2023-10-05 11:45:01,UdeA Caucasia,Habilitada,31.77778,69,0.00000
706,2023-10-05 11:46:00,UdeA Caucasia,Habilitada,31.77778,70,0.00000
707,2023-10-05 11:47:00,UdeA Caucasia,Habilitada,31.77778,70,0.00000
708,2023-10-05 11:48:00,UdeA Caucasia,Habilitada,31.83333,69,0.00000
709,2023-10-05 11:49:00,UdeA Caucasia,Habilitada,31.83333,69,0.00000
710,2023-10-05 11:50:00,UdeA Caucasia,Habilitada,31.83333,68,0.00000
711,2023-10-05 11:51:00,UdeA Caucasia,Habilitada,31.88889,67,0.00000
712,2023-10-05 11:52:00,UdeA Caucasia,Habilitada,31.88889,67,0.00000
713,2023-10-05 11:53:00,UdeA Caucasia,Habilitada,31.94444,67,0.00000
714,2023-10-05 11:54:00,UdeA Caucasia,Habilitada,32.05556,67,0.00000
715,2023-10-05 11:55:00,UdeA Caucasia,Habilitada,32.11111,67,0.00000
716,2023-10-05 11:56:00,UdeA Caucasia,Habilitada,32.16667,68,0.00000
717,2023-10-05 11:57:00,UdeA Caucasia,Habilitada,32.16667,69,0.00000
718,2023-10-05 11:58:00,UdeA Caucasia,Habilitada,32.16667,67,0.00000
719,2023-10-05 11:59:00,UdeA Caucasia,Habilitada,32.11111,68,0.00000
720,2023-10-05 12:00:00,UdeA Caucasia,Habilitada,32.05556,67,0.00000
721,2023-10-05 12:01:00,UdeA Caucasia,Habilitada,32.05556,67,0.00000
722,2023-10-05 12:02:00,UdeA Caucasia,Habilitada,32.00000,66,0.00000
723,2023-10-05 12:03:00,UdeA Caucasia,Habilitada,31.94444,67,0.00000
724,2023-10-05 12:04:01,UdeA Caucasia,Habilitada,32.00000,69,0.00000
725,2023-10-05 12:05:00,UdeA Caucasia,Habilitada,31.94444,68,0.00000
726,2023-10-05 12:06:01,UdeA Caucasia,Habilitada,32.00000,69,0.00000
727,2023-10-05 12:07:01,UdeA Caucasia,Habilitada,31.94444,69,0.00000
728,2023-10-05 12:08:00,UdeA Caucasia,Habilitada,32.00000,70,0.00000
729,2023-10-05 12:09:00,UdeA Caucasia,Habilitada,31.94444,70,0.00000
730,2023-10-05 12:10:00,UdeA Caucasia,Habilitada,31.94444,71,0.00000
731,2023-10-05 12:11:00,UdeA Caucasia,Habilitada,32.00000,71,0.00000
732,2023-10-05 12:12:00,UdeA Caucasia,Habilitada,32.00000,71,0.00000
733,2023-10-05 12:13:00,UdeA Caucasia,Habilitada,31.94444,70,0.00000
734,2023-10-05 12:14:00,UdeA Caucasia,Habilitada,31.88889,70,0.00000
735,2023-10-05 12:15:00,UdeA Caucasia,Habilitada,31.83333,70,0.00000
736,2023-10-05 12:16:00,UdeA Caucasia,Habilitada,31.72222,71,0.00000
737,2023-10-05 12:17:00,UdeA Caucasia,Habilitada,31.61111,71,0.00000
738,2023-10-05 12:18:00,UdeA Caucasia,Habilitada,31.50000,71,0.00000
739,2023-10-05 12:19:00,UdeA Caucasia,Habilitada,31.55556,70,0.00000
740,2023-10-05 12:20:00,UdeA Caucasia,Habilitada,31.50000,69,0.00000
741,2023-10-05 12:21:00,UdeA Caucasia,Habilitada,31.44444,69,0.00000
742,2023-10-05 12:22:00,UdeA Caucasia,Habilitada,31.38889,68,0.00000
743,2023-10-05 12:23:00,UdeA Caucasia,Habilitada,31.33333,69,0.00000
744,2023-10-05 12:24:00,UdeA Caucasia,Habilitada,31.38889,69,0.00000
745,2023-10-05 12:25:00,UdeA Caucasia,Habilitada,31.38889,69,0.00000
746,2023-10-05 12:26:00,UdeA Caucasia,Habilitada,31.44444,69,0.00000
747,2023-10-05 12:27:00,UdeA Caucasia,Habilitada,31.50000,69,0.00000
748,2023-10-05 12:28:00,UdeA Caucasia,Habilitada,31.50000,70,0.00000
749,2023-10-05 12:29:00,UdeA Caucasia,Habilitada,31.55556,69,0.00000
750,2023-10-05 12:30:00,UdeA Caucasia,Habilitada,31.61111,67,0.00000
751,2023-10-05 12:31:00,UdeA Caucasia,Habilitada,31.72222,68,0.00000
752,2023-10-05 12:32:00,UdeA Caucasia,Habilitada,31.77778,70,0.00000
753,2023-10-05 12:33:00,UdeA Caucasia,Habilitada,31.88889,68,0.00000
754,2023-10-05 12:34:00,UdeA Caucasia,Habilitada,32.00000,67,0.00000
755,2023-10-05 12:35:00,UdeA Caucasia,Habilitada,32.05556,67,0.00000
756,2023-10-05 12:36:00,UdeA Caucasia,Habilitada,32.05556,69,0.00000
757,2023-10-05 12:37:00,UdeA Caucasia,Habilitada,32.11111,68,0.00000
758,2023-10-05 12:38:00,UdeA Caucasia,Habilitada,32.16667,68,0.00000
759,2023-10-05 12:39:00,UdeA Caucasia,Habilitada,32.16667,67,0.00000
760,2023-10-05 12:40:00,UdeA Caucasia,Habilitada,32.11111,68,0.00000
761,2023-10-05 12:41:00,UdeA Caucasia,Habilitada,32.16667,68,0.00000
762,2023-10-05 12:42:00,UdeA Caucasia,Habilitada,32.16667,68,0.00000
763,2023-10-05 12:43:10,UdeA Caucasia,Habilitada,32.16667,69,0.00000
764,2023-10-05 12:44:01,UdeA Caucasia,Habilitada,32.22222,69,0.00000
765,2023-10-05 12:45:01,UdeA Caucasia,Habilitada,32.16667,69,0.00000
766,2023-10-05 12:46:01,UdeA Caucasia,Habilitada,32.16667,69,0.00000
767,2023-10-05 12:47:01,UdeA Caucasia,Habilitada,32.16667,68,0.00000
768,2023-10-05 12:48:00,UdeA Caucasia,Habilitada,32.16667,69,0.00000
769,2023-10-05 12:49:00,UdeA Caucasia,Habilitada,32.05556,68,0.00000
770,2023-10-05 12:50:02,UdeA Caucasia,Habilitada,32.05556,70,0.00000
771,2023-10-05 12:51:00,UdeA Caucasia,Habilitada,32.05556,69,0.00000
772,2023-10-05 12:52:00,UdeA Caucasia,Habilitada,32.05556,69,0.00000
773,2023-10-05 12:53:00,UdeA Caucasia,Habilitada,32.05556,70,0.00000
774,2023-10-05 12:54:00,UdeA Caucasia,Habilitada,32.16667,70,0.00000
775,2023-10-05 12:55:00,UdeA Caucasia,Habilitada,32.16667,69,0.00000
776,2023-10-05 12:56:00,UdeA Caucasia,Habilitada,32.16667,68,0.00000
777,2023-10-05 12:57:00,UdeA Caucasia,Habilitada,32.16667,68,0.00000
778,2023-10-05 12:58:00,UdeA Caucasia,Habilitada,32.22222,68,0.00000
779,2023-10-05 12:59:00,UdeA Caucasia,Habilitada,32.27778,68,0.00000
780,2023-10-05 13:00:00,UdeA Caucasia,Habilitada,32.33333,69,0.00000
781,2023-10-05 13:01:01,UdeA Caucasia,Habilitada,32.38889,68,0.00000
782,2023-10-05 13:02:00,UdeA Caucasia,Habilitada,32.50000,69,0.00000
783,2023-10-05 13:03:00,UdeA Caucasia,Habilitada,32.61111,68,0.00000
784,2023-10-05 13:04:00,UdeA Caucasia,Habilitada,32.72222,68,0.00000
785,2023-10-05 13:05:00,UdeA Caucasia,Habilitada,32.83333,67,0.00000
786,2023-10-05 13:06:00,UdeA Caucasia,Habilitada,32.94444,67,0.00000
787,2023-10-05 13:07:00,UdeA Caucasia,Habilitada,33.05556,67,0.00000
788,2023-10-05 13:08:01,UdeA Caucasia,Habilitada,33.16667,67,0.00000
789,2023-10-05 13:09:01,UdeA Caucasia,Habilitada,33.22222,66,0.00000
790,2023-10-05 13:10:01,UdeA Caucasia,Habilitada,33.38889,66,0.00000
791,2023-10-05 13:11:01,UdeA Caucasia,Habilitada,33.50000,66,0.00000
792,2023-10-05 13:12:00,UdeA Caucasia,Habilitada,33.44444,64,0.00000
793,2023-10-05 13:13:00,UdeA Caucasia,Habilitada,33.38889,65,0.00000
794,2023-10-05 13:14:00,UdeA Caucasia,Habilitada,33.27778,65,0.00000
795,2023-10-05 13:15:00,UdeA Caucasia,Habilitada,33.11111,66,0.00000
796,2023-10-05 13:16:00,UdeA Caucasia,Habilitada,33.00000,67,0.00000
797,2023-10-05 13:17:00,UdeA Caucasia,Habilitada,32.94444,67,0.00000
798,2023-10-05 13:18:00,UdeA Caucasia,Habilitada,32.94444,67,0.00000
799,2023-10-05 13:19:00,UdeA Caucasia,Habilitada,32.83333,66,0.00000
800,2023-10-05 13:20:00,UdeA Caucasia,Habilitada,32.77778,67,0.00000
801,2023-10-05 13:21:00,UdeA Caucasia,Habilitada,32.72222,67,0.00000
802,2023-10-05 13:22:00,UdeA Caucasia,Habilitada,32.61111,67,0.00000
803,2023-10-05 13:23:00,UdeA Caucasia,Habilitada,32.50000,68,0.00000
804,2023-10-05 13:24:00,UdeA Caucasia,Habilitada,32.38889,69,0.00000
805,2023-10-05 13:25:00,UdeA Caucasia,Habilitada,32.33333,69,0.00000
806,2023-10-05 13:26:00,UdeA Caucasia,Habilitada,32.33333,70,0.00000
807,2023-10-05 13:27:00,UdeA Caucasia,Habilitada,32.33333,70,0.00000
808,2023-10-05 13:28:00,UdeA Caucasia,Habilitada,32.27778,71,0.00000
809,2023-10-05 13:29:00,UdeA Caucasia,Habilitada,32.33333,71,0.00000
810,2023-10-05 13:30:00,UdeA Caucasia,Habilitada,32.38889,71,0.00000
811,2023-10-05 13:31:00,UdeA Caucasia,Habilitada,32.33333,71,0.00000
812,2023-10-05 13:32:00,UdeA Caucasia,Habilitada,32.33333,70,0.00000
813,2023-10-05 13:33:00,UdeA Caucasia,Habilitada,32.27778,70,0.00000
814,2023-10-05 13:34:00,UdeA Caucasia,Habilitada,32.22222,70,0.00000
815,2023-10-05 13:35:00,UdeA Caucasia,Habilitada,32.16667,70,0.00000
816,2023-10-05 13:36:00,UdeA Caucasia,Habilitada,32.16667,71,0.00000
817,2023-10-05 13:37:00,UdeA Caucasia,Habilitada,32.11111,71,0.00000
818,2023-10-05 13:38:00,UdeA Caucasia,Habilitada,32.11111,71,0.00000
819,2023-10-05 13:39:00,UdeA Caucasia,Habilitada,32.05556,72,0.00000
820,2023-10-05 13:40:00,UdeA Caucasia,Habilitada,32.05556,72,0.00000
821,2023-10-05 13:41:00,UdeA Caucasia,Habilitada,32.05556,73,0.00000
822,2023-10-05 13:42:00,UdeA Caucasia,Habilitada,32.11111,73,0.00000
823,2023-10-05 13:43:00,UdeA Caucasia,Habilitada,32.05556,72,0.00000
824,2023-10-05 13:44:00,UdeA Caucasia,Habilitada,32.11111,72,0.00000
825,2023-10-05 13:45:00,UdeA Caucasia,Habilitada,32.05556,72,0.00000
826,2023-10-05 13:46:00,UdeA Caucasia,Habilitada,32.05556,72,0.00000
827,2023-10-05 13:47:01,UdeA Caucasia,Habilitada,32.00000,73,0.00000
828,2023-10-05 13:48:00,UdeA Caucasia,Habilitada,31.94444,72,0.00000
829,2023-10-05 13:49:00,UdeA Caucasia,Habilitada,32.00000,72,0.00000
830,2023-10-05 13:50:00,UdeA Caucasia,Habilitada,32.00000,73,0.00000
831,2023-10-05 13:51:00,UdeA Caucasia,Habilitada,32.00000,72,0.00000
832,2023-10-05 13:52:00,UdeA Caucasia,Habilitada,32.05556,73,0.00000
833,2023-10-05 13:53:00,UdeA Caucasia,Habilitada,32.05556,73,0.00000
834,2023-10-05 13:54:00,UdeA Caucasia,Habilitada,32.05556,72,0.00000
835,2023-10-05 13:55:00,UdeA Caucasia,Habilitada,32.11111,72,0.00000
836,2023-10-05 13:56:00,UdeA Caucasia,Habilitada,32.11111,71,0.00000
837,2023-10-05 13:57:00,UdeA Caucasia,Habilitada,32.05556,71,0.00000
838,2023-10-05 13:58:00,UdeA Caucasia,Habilitada,32.05556,71,0.00000
839,2023-10-05 13:59:00,UdeA Caucasia,Habilitada,32.05556,72,0.00000
840,2023-10-05 14:00:00,UdeA Caucasia,Habilitada,32.11111,73,0.00000
841,2023-10-05 14:01:00,UdeA Caucasia,Habilitada,32.16667,74,0.00000
842,2023-10-05 14:02:00,UdeA Caucasia,Habilitada,32.16667,73,0.00000
843,2023-10-05 14:03:00,UdeA Caucasia,Habilitada,32.22222,73,0.00000
844,2023-10-05 14:04:00,UdeA Caucasia,Habilitada,32.22222,73,0.00000
845,2023-10-05 14:05:00,UdeA Caucasia,Habilitada,32.27778,73,0.00000
846,2023-10-05 14:06:01,UdeA Caucasia,Habilitada,32.22222,73,0.00000
847,2023-10-05 14:07:01,UdeA Caucasia,Habilitada,32.16667,73,0.00000
848,2023-10-05 14:08:01,UdeA Caucasia,Habilitada,32.05556,74,0.00000
849,2023-10-05 14:09:01,UdeA Caucasia,Habilitada,32.11111,74,0.00000
850,2023-10-05 14:10:00,UdeA Caucasia,Habilitada,32.05556,73,0.00000
851,2023-10-05 14:11:00,UdeA Caucasia,Habilitada,32.05556,73,0.00000
852,2023-10-05 14:12:00,UdeA Caucasia,Habilitada,32.00000,73,0.00000
853,2023-10-05 14:13:00,UdeA Caucasia,Habilitada,32.00000,74,0.00000
854,2023-10-05 14:14:00,UdeA Caucasia,Habilitada,32.00000,74,0.00000
855,2023-10-05 14:15:00,UdeA Caucasia,Habilitada,31.94444,73,0.00000
856,2023-10-05 14:16:00,UdeA Caucasia,Habilitada,31.88889,73,0.00000
857,2023-10-05 14:17:00,UdeA Caucasia,Habilitada,31.88889,74,0.00000
858,2023-10-05 14:18:00,UdeA Caucasia,Habilitada,31.88889,73,0.00000
859,2023-10-05 14:19:00,UdeA Caucasia,Habilitada,31.88889,74,0.00000
860,2023-10-05 14:20:00,UdeA Caucasia,Habilitada,31.88889,74,0.00000
861,2023-10-05 14:21:00,UdeA Caucasia,Habilitada,31.88889,74,0.00000
862,2023-10-05 14:22:00,UdeA Caucasia,Habilitada,31.88889,74,0.00000
863,2023-10-05 14:23:00,UdeA Caucasia,Habilitada,31.83333,74,0.00000
864,2023-10-05 14:24:00,UdeA Caucasia,Habilitada,31.83333,74,0.00000
865,2023-10-05 14:25:00,UdeA Caucasia,Habilitada,31.88889,74,0.00000
866,2023-10-05 14:26:00,UdeA Caucasia,Habilitada,31.88889,74,0.00000
867,2023-10-05 14:27:00,UdeA Caucasia,Habilitada,31.88889,74,0.00000
868,2023-10-05 14:28:00,UdeA Caucasia,Habilitada,31.88889,74,0.00000
869,2023-10-05 14:29:00,UdeA Caucasia,Habilitada,31.88889,74,0.00000
870,2023-10-05 14:30:00,UdeA Caucasia,Habilitada,31.88889,74,0.00000
871,2023-10-05 14:31:00,UdeA Caucasia,Habilitada,31.83333,73,0.00000
872,2023-10-05 14:32:00,UdeA Caucasia,Habilitada,31.83333,74,0.00000
873,2023-10-05 14:33:00,UdeA Caucasia,Habilitada,31.83333,74,0.00000
874,2023-10-05 14:34:00,UdeA Caucasia,Habilitada,31.83333,74,0.00000
875,2023-10-05 14:35:00,UdeA Caucasia,Habilitada,31.83333,74,0.00000
876,2023-10-05 14:36:00,UdeA Caucasia,Habilitada,31.77778,75,0.00000
877,2023-10-05 14:37:00,UdeA Caucasia,Habilitada,31.83333,75,0.00000
878,2023-10-05 14:38:00,UdeA Caucasia,Habilitada,31.83333,74,0.00000
879,2023-10-05 14:39:00,UdeA Caucasia,Habilitada,31.83333,75,0.00000
880,2023-10-05 14:40:00,UdeA Caucasia,Habilitada,31.77778,75,0.00000
881,2023-10-05 14:41:00,UdeA Caucasia,Habilitada,31.72222,74,0.00000
882,2023-10-05 14:42:00,UdeA Caucasia,Habilitada,31.72222,74,0.00000
883,2023-10-05 14:43:00,UdeA Caucasia,Habilitada,31.66667,75,0.00000
884,2023-10-05 14:44:00,UdeA Caucasia,Habilitada,31.66667,75,0.00000
885,2023-10-05 14:45:01,UdeA Caucasia,Habilitada,31.61111,75,0.00000
886,2023-10-05 14:46:01,UdeA Caucasia,Habilitada,31.61111,75,0.00000
887,2023-10-05 14:47:00,UdeA Caucasia,Habilitada,31.55556,75,0.00000
888,2023-10-05 14:48:00,UdeA Caucasia,Habilitada,31.55556,76,0.00000
889,2023-10-05 14:49:00,UdeA Caucasia,Habilitada,31.50000,74,0.00000
890,2023-10-05 14:50:00,UdeA Caucasia,Habilitada,31.44444,75,0.00000
891,2023-10-05 14:51:00,UdeA Caucasia,Habilitada,31.44444,75,0.00000
892,2023-10-05 14:52:00,UdeA Caucasia,Habilitada,31.44444,76,0.00000
893,2023-10-05 14:53:00,UdeA Caucasia,Habilitada,31.44444,75,0.00000
894,2023-10-05 14:54:00,UdeA Caucasia,Habilitada,31.38889,75,0.00000
895,2023-10-05 14:55:00,UdeA Caucasia,Habilitada,31.38889,75,0.00000
896,2023-10-05 14:56:00,UdeA Caucasia,Habilitada,31.38889,75,0.00000
897,2023-10-05 14:57:00,UdeA Caucasia,Habilitada,31.33333,76,0.00000
898,2023-10-05 14:58:00,UdeA Caucasia,Habilitada,31.33333,75,0.00000
899,2023-10-05 14:59:00,UdeA Caucasia,Habilitada,31.33333,75,0.00000
900,2023-10-05 15:00:00,UdeA Caucasia,Habilitada,31.27778,75,0.00000
901,2023-10-05 15:01:00,UdeA Caucasia,Habilitada,31.33333,76,0.00000
902,2023-10-05 15:02:00,UdeA Caucasia,Habilitada,31.33333,75,0.00000
903,2023-10-05 15:03:00,UdeA Caucasia,Habilitada,31.33333,75,0.00000
904,2023-10-05 15:04:00,UdeA Caucasia,Habilitada,31.33333,74,0.00000
905,2023-10-05 15:05:00,UdeA Caucasia,Habilitada,31.27778,76,0.00000
906,2023-10-05 15:06:00,UdeA Caucasia,Habilitada,31.27778,75,0.00000
907,2023-10-05 15:07:00,UdeA Caucasia,Habilitada,31.33333,75,0.00000
908,2023-10-05 15:08:01,UdeA Caucasia,Habilitada,31.33333,75,0.00000
909,2023-10-05 15:09:01,UdeA Caucasia,Habilitada,31.33333,75,0.00000
910,2023-10-05 15:10:01,UdeA Caucasia,Habilitada,31.33333,75,0.00000
911,2023-10-05 15:11:01,UdeA Caucasia,Habilitada,31.44444,75,0.00000
912,2023-10-05 15:12:00,UdeA Caucasia,Habilitada,31.44444,75,0.00000
913,2023-10-05 15:13:00,UdeA Caucasia,Habilitada,31.44444,75,0.00000
914,2023-10-05 15:14:00,UdeA Caucasia,Habilitada,31.38889,75,0.00000
915,2023-10-05 15:15:00,UdeA Caucasia,Habilitada,31.38889,76,0.00000
916,2023-10-05 15:16:00,UdeA Caucasia,Habilitada,31.38889,76,0.00000
917,2023-10-05 15:17:00,UdeA Caucasia,Habilitada,31.33333,77,0.00000
918,2023-10-05 15:18:00,UdeA Caucasia,Habilitada,31.33333,76,0.00000
919,2023-10-05 15:19:00,UdeA Caucasia,Habilitada,31.33333,75,0.00000
920,2023-10-05 15:20:00,UdeA Caucasia,Habilitada,31.27778,76,0.00000
921,2023-10-05 15:21:00,UdeA Caucasia,Habilitada,31.27778,76,0.00000
922,2023-10-05 15:22:00,UdeA Caucasia,Habilitada,31.27778,76,0.00000
923,2023-10-05 15:23:00,UdeA Caucasia,Habilitada,31.27778,75,0.00000
924,2023-10-05 15:24:00,UdeA Caucasia,Habilitada,31.33333,75,0.00000
925,2023-10-05 15:25:00,UdeA Caucasia,Habilitada,31.33333,75,0.00000
926,2023-10-05 15:26:00,UdeA Caucasia,Habilitada,31.27778,75,0.00000
927,2023-10-05 15:27:00,UdeA Caucasia,Habilitada,31.27778,75,0.00000
928,2023-10-05 15:28:00,UdeA Caucasia,Habilitada,31.27778,76,0.00000
929,2023-10-05 15:29:00,UdeA Caucasia,Habilitada,31.22222,76,0.00000
930,2023-10-05 15:30:00,UdeA Caucasia,Habilitada,31.22222,76,0.00000
931,2023-10-05 15:31:00,UdeA Caucasia,Habilitada,31.16667,76,0.00000
932,2023-10-05 15:32:00,UdeA Caucasia,Habilitada,31.11111,76,0.00000
933,2023-10-05 15:33:00,UdeA Caucasia,Habilitada,31.11111,76,0.00000
934,2023-10-05 15:34:00,UdeA Caucasia,Habilitada,31.05556,76,0.00000
935,2023-10-05 15:35:00,UdeA Caucasia,Habilitada,31.05556,76,0.00000
936,2023-10-05 15:36:00,UdeA Caucasia,Habilitada,31.00000,76,0.00000
937,2023-10-05 15:37:00,UdeA Caucasia,Habilitada,31.00000,76,0.00000
938,2023-10-05 15:38:00,UdeA Caucasia,Habilitada,30.94444,76,0.00000
939,2023-10-05 15:39:00,UdeA Caucasia,Habilitada,30.88889,76,0.00000
940,2023-10-05 15:40:00,UdeA Caucasia,Habilitada,30.94444,76,0.00000
941,2023-10-05 15:41:00,UdeA Caucasia,Habilitada,30.94444,76,0.00000
942,2023-10-05 15:42:00,UdeA Caucasia,Habilitada,30.88889,76,0.00000
943,2023-10-05 15:43:00,UdeA Caucasia,Habilitada,30.88889,76,0.00000
944,2023-10-05 15:44:00,UdeA Caucasia,Habilitada,30.88889,76,0.00000
945,2023-10-05 15:45:00,UdeA Caucasia,Habilitada,30.88889,77,0.00000
946,2023-10-05 15:46:00,UdeA Caucasia,Habilitada,30.88889,76,0.00000
947,2023-10-05 15:47:01,UdeA Caucasia,Habilitada,30.83333,76,0.00000
948,2023-10-05 15:48:01,UdeA Caucasia,Habilitada,30.77778,76,0.00000
949,2023-10-05 15:49:00,UdeA Caucasia,Habilitada,30.77778,76,0.00000
950,2023-10-05 15:50:00,UdeA Caucasia,Habilitada,30.77778,76,0.00000
951,2023-10-05 15:51:00,UdeA Caucasia,Habilitada,30.72222,77,0.00000
952,2023-10-05 15:52:00,UdeA Caucasia,Habilitada,30.72222,76,0.00000
953,2023-10-05 15:53:00,UdeA Caucasia,Habilitada,30.66667,76,0.00000
954,2023-10-05 15:54:00,UdeA Caucasia,Habilitada,30.66667,76,0.00000
955,2023-10-05 15:55:00,UdeA Caucasia,Habilitada,30.66667,76,0.00000
956,2023-10-05 15:56:00,UdeA Caucasia,Habilitada,30.66667,77,0.00000
957,2023-10-05 15:57:00,UdeA Caucasia,Habilitada,30.61111,76,0.00000
958,2023-10-05 15:58:00,UdeA Caucasia,Habilitada,30.61111,77,0.00000
959,2023-10-05 15:59:00,UdeA Caucasia,Habilitada,30.61111,77,0.00000
960,2023-10-05 16:00:00,UdeA Caucasia,Habilitada,30.61111,76,0.00000
961,2023-10-05 16:01:01,UdeA Caucasia,Habilitada,30.61111,77,0.00000
962,2023-10-05 16:02:00,UdeA Caucasia,Habilitada,30.55556,77,0.00000
963,2023-10-05 16:03:00,UdeA Caucasia,Habilitada,30.61111,77,0.00000
964,2023-10-05 16:04:00,UdeA Caucasia,Habilitada,30.55556,77,0.00000
965,2023-10-05 16:05:00,UdeA Caucasia,Habilitada,30.55556,77,0.00000
966,2023-10-05 16:06:00,UdeA Caucasia,Habilitada,30.55556,77,0.00000
967,2023-10-05 16:07:01,UdeA Caucasia,Habilitada,30.55556,77,0.00000
968,2023-10-05 16:08:01,UdeA Caucasia,Habilitada,30.55556,77,0.00000
969,2023-10-05 16:09:01,UdeA Caucasia,Habilitada,30.55556,77,0.00000
970,2023-10-05 16:10:01,UdeA Caucasia,Habilitada,30.55556,77,0.00000
971,2023-10-05 16:11:00,UdeA Caucasia,Habilitada,30.55556,78,0.00000
972,2023-10-05 16:12:00,UdeA Caucasia,Habilitada,30.50000,77,0.00000
973,2023-10-05 16:13:00,UdeA Caucasia,Habilitada,30.50000,77,0.00000
974,2023-10-05 16:14:00,UdeA Caucasia,Habilitada,30.44444,77,0.00000
975,2023-10-05 16:15:00,UdeA Caucasia,Habilitada,30.44444,77,0.00000
976,2023-10-05 16:16:00,UdeA Caucasia,Habilitada,30.44444,78,0.00000
977,2023-10-05 16:17:00,UdeA Caucasia,Habilitada,30.44444,77,0.00000
978,2023-10-05 16:18:00,UdeA Caucasia,Habilitada,30.44444,77,0.00000
979,2023-10-05 16:19:00,UdeA Caucasia,Habilitada,30.44444,78,0.00000
980,2023-10-05 16:20:00,UdeA Caucasia,Habilitada,30.44444,78,0.00000
981,2023-10-05 16:21:00,UdeA Caucasia,Habilitada,30.44444,78,0.00000
982,2023-10-05 16:22:00,UdeA Caucasia,Habilitada,30.44444,78,0.00000
983,2023-10-05 16:23:00,UdeA Caucasia,Habilitada,30.44444,78,0.00000
984,2023-10-05 16:24:00,UdeA Caucasia,Habilitada,30.44444,78,0.00000
985,2023-10-05 16:25:00,UdeA Caucasia,Habilitada,30.44444,78,0.00000
986,2023-10-05 16:26:00,UdeA Caucasia,Habilitada,30.44444,78,0.00000
987,2023-10-05 16:27:00,UdeA Caucasia,Habilitada,30.44444,78,0.00000
988,2023-10-05 16:28:00,UdeA Caucasia,Habilitada,30.44444,77,0.00000
989,2023-10-05 16:29:00,UdeA Caucasia,Habilitada,30.44444,77,0.00000
990,2023-10-05 16:30:00,UdeA Caucasia,Habilitada,30.38889,77,0.00000
991,2023-10-05 16:31:00,UdeA Caucasia,Habilitada,30.44444,77,0.00000
992,2023-10-05 16:32:00,UdeA Caucasia,Habilitada,30.44444,77,0.00000
993,2023-10-05 16:33:00,UdeA Caucasia,Habilitada,30.38889,78,0.00000
994,2023-10-05 16:34:00,UdeA Caucasia,Habilitada,30.38889,77,0.00000
995,2023-10-05 16:35:00,UdeA Caucasia,Habilitada,30.38889,77,0.00000
996,2023-10-05 16:36:00,UdeA Caucasia,Habilitada,30.38889,77,0.00000
997,2023-10-05 16:37:00,UdeA Caucasia,Habilitada,30.33333,78,0.00000
998,2023-10-05 16:38:00,UdeA Caucasia,Habilitada,30.33333,78,0.00000
999,2023-10-05 16:39:00,UdeA Caucasia,Habilitada,30.33333,78,0.00000
1000,2023-10-05 16:40:00,UdeA Caucasia,Habilitada,30.33333,78,0.00000
1001,2023-10-05 16:41:00,UdeA Caucasia,Habilitada,30.27778,78,0.00000
1002,2023-10-05 16:42:00,UdeA Caucasia,Habilitada,30.27778,78,0.00000
1003,2023-10-05 16:43:00,UdeA Caucasia,Habilitada,30.22222,78,0.00000
1004,2023-10-05 16:44:00,UdeA Caucasia,Habilitada,30.16667,78,0.00000
1005,2023-10-05 16:45:00,UdeA Caucasia,Habilitada,30.11111,79,0.00000
1006,2023-10-05 16:46:01,UdeA Caucasia,Habilitada,30.11111,78,0.00000
1007,2023-10-05 16:47:01,UdeA Caucasia,Habilitada,30.05556,79,0.00000
1008,2023-10-05 16:48:00,UdeA Caucasia,Habilitada,30.05556,79,0.00000
1009,2023-10-05 16:49:00,UdeA Caucasia,Habilitada,30.05556,79,0.00000
1010,2023-10-05 16:50:00,UdeA Caucasia,Habilitada,30.00000,80,0.00000
1011,2023-10-05 16:51:00,UdeA Caucasia,Habilitada,30.00000,80,0.00000
1012,2023-10-05 16:52:00,UdeA Caucasia,Habilitada,30.00000,80,0.00000
1013,2023-10-05 16:53:00,UdeA Caucasia,Habilitada,29.94444,80,0.00000
1014,2023-10-05 16:54:00,UdeA Caucasia,Habilitada,29.94444,81,0.00000
1015,2023-10-05 16:55:00,UdeA Caucasia,Habilitada,29.94444,81,0.00000
1016,2023-10-05 16:56:00,UdeA Caucasia,Habilitada,29.94444,81,0.00000
1017,2023-10-05 16:57:00,UdeA Caucasia,Habilitada,29.88889,81,0.00000
1018,2023-10-05 16:58:00,UdeA Caucasia,Habilitada,29.94444,81,0.00000
1019,2023-10-05 16:59:00,UdeA Caucasia,Habilitada,29.88889,82,0.00000
1020,2023-10-05 17:00:00,UdeA Caucasia,Habilitada,29.83333,82,0.00000
1021,2023-10-05 17:01:01,UdeA Caucasia,Habilitada,29.88889,82,0.00000
1022,2023-10-05 17:02:00,UdeA Caucasia,Habilitada,29.83333,82,0.00000
1023,2023-10-05 17:03:00,UdeA Caucasia,Habilitada,29.83333,82,0.00000
1024,2023-10-05 17:04:00,UdeA Caucasia,Habilitada,29.77778,82,0.00000
1025,2023-10-05 17:05:00,UdeA Caucasia,Habilitada,29.77778,83,0.00000
1026,2023-10-05 17:06:00,UdeA Caucasia,Habilitada,29.77778,83,0.00000
1027,2023-10-05 17:07:00,UdeA Caucasia,Habilitada,29.72222,83,0.00000
1028,2023-10-05 17:08:01,UdeA Caucasia,Habilitada,29.77778,83,0.00000
1029,2023-10-05 17:09:00,UdeA Caucasia,Habilitada,29.72222,83,0.00000
1030,2023-10-05 17:10:00,UdeA Caucasia,Habilitada,29.66667,83,0.00000
1031,2023-10-05 17:11:00,UdeA Caucasia,Habilitada,29.66667,84,0.00000
1032,2023-10-05 17:12:00,UdeA Caucasia,Habilitada,29.61111,84,0.00000
1033,2023-10-05 17:13:03,UdeA Caucasia,Habilitada,29.61111,84,0.00000
1034,2023-10-05 17:14:00,UdeA Caucasia,Habilitada,29.61111,84,0.00000
1035,2023-10-05 17:15:00,UdeA Caucasia,Habilitada,29.61111,84,0.00000
1036,2023-10-05 17:16:00,UdeA Caucasia,Habilitada,29.61111,84,0.00000
1037,2023-10-05 17:17:00,UdeA Caucasia,Habilitada,29.55556,84,0.00000
1038,2023-10-05 17:18:00,UdeA Caucasia,Habilitada,29.55556,84,0.00000
1039,2023-10-05 17:19:00,UdeA Caucasia,Habilitada,29.55556,84,0.00000
1040,2023-10-05 17:20:00,UdeA Caucasia,Habilitada,29.50000,84,0.00000
1041,2023-10-05 17:21:00,UdeA Caucasia,Habilitada,29.44444,84,0.00000
1042,2023-10-05 17:22:00,UdeA Caucasia,Habilitada,29.44444,85,0.00000
1043,2023-10-05 17:23:00,UdeA Caucasia,Habilitada,29.44444,85,0.00000
1044,2023-10-05 17:24:00,UdeA Caucasia,Habilitada,29.44444,85,0.00000
1045,2023-10-05 17:25:00,UdeA Caucasia,Habilitada,29.38889,85,0.00000
1046,2023-10-05 17:26:00,UdeA Caucasia,Habilitada,29.38889,85,0.00000
1047,2023-10-05 17:27:00,UdeA Caucasia,Habilitada,29.38889,85,0.00000
1048,2023-10-05 17:28:00,UdeA Caucasia,Habilitada,29.38889,85,0.00000
1049,2023-10-05 17:29:00,UdeA Caucasia,Habilitada,29.38889,85,0.00000
1050,2023-10-05 17:30:00,UdeA Caucasia,Habilitada,29.33333,85,0.00000
1051,2023-10-05 17:31:00,UdeA Caucasia,Habilitada,29.38889,85,0.00000
1052,2023-10-05 17:32:00,UdeA Caucasia,Habilitada,29.33333,85,0.00000
1053,2023-10-05 17:33:00,UdeA Caucasia,Habilitada,29.33333,85,0.00000
1054,2023-10-05 17:34:00,UdeA Caucasia,Habilitada,29.33333,85,0.00000
1055,2023-10-05 17:35:00,UdeA Caucasia,Habilitada,29.33333,85,0.00000
1056,2023-10-05 17:36:00,UdeA Caucasia,Habilitada,29.33333,85,0.00000
1057,2023-10-05 17:37:00,UdeA Caucasia,Habilitada,29.33333,85,0.00000
1058,2023-10-05 17:38:00,UdeA Caucasia,Habilitada,29.33333,85,0.00000
1059,2023-10-05 17:39:00,UdeA Caucasia,Habilitada,29.33333,85,0.00000
1060,2023-10-05 17:40:00,UdeA Caucasia,Habilitada,29.33333,85,0.00000
1061,2023-10-05 17:41:00,UdeA Caucasia,Habilitada,29.33333,85,0.00000
1062,2023-10-05 17:42:00,UdeA Caucasia,Habilitada,29.33333,85,0.00000
1063,2023-10-05 17:43:00,UdeA Caucasia,Habilitada,29.33333,85,0.00000
1064,2023-10-05 17:44:01,UdeA Caucasia,Habilitada,29.33333,85,0.00000
1065,2023-10-05 17:45:00,UdeA Caucasia,Habilitada,29.33333,85,0.00000
1066,2023-10-05 17:46:00,UdeA Caucasia,Habilitada,29.27778,85,0.00000
1067,2023-10-05 17:47:00,UdeA Caucasia,Habilitada,29.27778,85,0.00000
1068,2023-10-05 17:48:02,UdeA Caucasia,Habilitada,29.27778,85,0.00000
1069,2023-10-05 17:49:00,UdeA Caucasia,Habilitada,29.27778,85,0.00000
1070,2023-10-05 17:50:00,UdeA Caucasia,Habilitada,29.27778,85,0.00000
1071,2023-10-05 17:51:00,UdeA Caucasia,Habilitada,29.27778,85,0.00000
1072,2023-10-05 17:52:00,UdeA Caucasia,Habilitada,29.27778,85,0.00000
1073,2023-10-05 17:53:00,UdeA Caucasia,Habilitada,29.27778,85,0.00000
1074,2023-10-05 17:54:00,UdeA Caucasia,Habilitada,29.27778,85,0.00000
1075,2023-10-05 17:55:00,UdeA Caucasia,Habilitada,29.22222,85,0.00000
1076,2023-10-05 17:56:00,UdeA Caucasia,Habilitada,29.22222,85,0.00000
1077,2023-10-05 17:57:00,UdeA Caucasia,Habilitada,29.16667,85,0.00000
1078,2023-10-05 17:58:00,UdeA Caucasia,Habilitada,29.22222,85,0.00000
1079,2023-10-05 17:59:00,UdeA Caucasia,Habilitada,29.16667,85,0.00000
1080,2023-10-05 18:00:00,UdeA Caucasia,Habilitada,29.22222,85,0.00000
1081,2023-10-05 18:01:00,UdeA Caucasia,Habilitada,29.16667,85,0.00000
1082,2023-10-05 18:02:00,UdeA Caucasia,Habilitada,29.16667,85,0.00000
1083,2023-10-05 18:03:00,UdeA Caucasia,Habilitada,29.16667,85,0.00000
1084,2023-10-05 18:04:01,UdeA Caucasia,Habilitada,29.16667,85,0.00000
1085,2023-10-05 18:05:00,UdeA Caucasia,Habilitada,29.16667,85,0.00000
1086,2023-10-05 18:06:01,UdeA Caucasia,Habilitada,29.11111,85,0.00000
1087,2023-10-05 18:07:00,UdeA Caucasia,Habilitada,29.11111,86,0.00000
1088,2023-10-05 18:08:00,UdeA Caucasia,Habilitada,29.11111,86,0.00000
1089,2023-10-05 18:09:00,UdeA Caucasia,Habilitada,29.11111,85,0.00000
1090,2023-10-05 18:10:00,UdeA Caucasia,Habilitada,29.11111,85,0.00000
1091,2023-10-05 18:11:00,UdeA Caucasia,Habilitada,29.11111,85,0.00000
1092,2023-10-05 18:12:00,UdeA Caucasia,Habilitada,29.05556,85,0.00000
1093,2023-10-05 18:13:00,UdeA Caucasia,Habilitada,29.11111,85,0.00000
1094,2023-10-05 18:14:00,UdeA Caucasia,Habilitada,29.11111,85,0.00000
1095,2023-10-05 18:15:00,UdeA Caucasia,Habilitada,29.11111,85,0.00000
1096,2023-10-05 18:16:00,UdeA Caucasia,Habilitada,29.05556,85,0.00000
1097,2023-10-05 18:17:00,UdeA Caucasia,Habilitada,29.05556,85,0.00000
1098,2023-10-05 18:18:00,UdeA Caucasia,Habilitada,29.05556,85,0.00000
1099,2023-10-05 18:19:00,UdeA Caucasia,Habilitada,29.11111,85,0.00000
1100,2023-10-05 18:20:00,UdeA Caucasia,Habilitada,29.05556,85,0.00000
1101,2023-10-05 18:21:00,UdeA Caucasia,Habilitada,29.05556,85,0.00000
1102,2023-10-05 18:22:00,UdeA Caucasia,Habilitada,29.05556,85,0.00000
1103,2023-10-05 18:23:00,UdeA Caucasia,Habilitada,29.05556,85,0.00000
1104,2023-10-05 18:24:00,UdeA Caucasia,Habilitada,29.05556,85,0.00000
1105,2023-10-05 18:25:00,UdeA Caucasia,Habilitada,29.00000,85,0.00000
1106,2023-10-05 18:26:00,UdeA Caucasia,Habilitada,29.05556,85,0.00000
1107,2023-10-05 18:27:00,UdeA Caucasia,Habilitada,29.00000,85,0.00000
1108,2023-10-05 18:28:00,UdeA Caucasia,Habilitada,29.00000,85,0.00000
1109,2023-10-05 18:29:00,UdeA Caucasia,Habilitada,29.00000,85,0.00000
1110,2023-10-05 18:30:00,UdeA Caucasia,Habilitada,29.00000,85,0.00000
1111,2023-10-05 18:31:00,UdeA Caucasia,Habilitada,29.00000,85,0.00000
1112,2023-10-05 18:32:00,UdeA Caucasia,Habilitada,28.94444,85,0.00000
1113,2023-10-05 18:33:00,UdeA Caucasia,Habilitada,29.00000,85,0.00000
1114,2023-10-05 18:34:00,UdeA Caucasia,Habilitada,29.00000,85,0.00000
1115,2023-10-05 18:35:00,UdeA Caucasia,Habilitada,28.94444,86,0.00000
1116,2023-10-05 18:36:00,UdeA Caucasia,Habilitada,29.00000,86,0.00000
1117,2023-10-05 18:37:00,UdeA Caucasia,Habilitada,28.94444,86,0.00000
1118,2023-10-05 18:38:00,UdeA Caucasia,Habilitada,28.94444,86,0.00000
1119,2023-10-05 18:39:00,UdeA Caucasia,Habilitada,28.94444,86,0.00000
1120,2023-10-05 18:40:00,UdeA Caucasia,Habilitada,28.94444,86,0.00000
1121,2023-10-05 18:41:00,UdeA Caucasia,Habilitada,28.94444,87,0.00000
1122,2023-10-05 18:42:01,UdeA Caucasia,Habilitada,28.88889,87,0.00000
1123,2023-10-05 18:43:01,UdeA Caucasia,Habilitada,28.88889,87,0.00000
1124,2023-10-05 18:44:00,UdeA Caucasia,Habilitada,28.88889,87,0.00000
1125,2023-10-05 18:45:00,UdeA Caucasia,Habilitada,28.83333,88,0.00000
1126,2023-10-05 18:46:00,UdeA Caucasia,Habilitada,28.77778,88,0.00000
1127,2023-10-05 18:47:00,UdeA Caucasia,Habilitada,28.77778,88,0.00000
1128,2023-10-05 18:48:00,UdeA Caucasia,Habilitada,28.72222,88,0.00000
1129,2023-10-05 18:49:00,UdeA Caucasia,Habilitada,28.66667,88,0.00000
1130,2023-10-05 18:50:00,UdeA Caucasia,Habilitada,28.61111,88,0.00000
1131,2023-10-05 18:51:00,UdeA Caucasia,Habilitada,28.55556,88,0.00000
1132,2023-10-05 18:52:00,UdeA Caucasia,Habilitada,28.50000,88,0.00000
1133,2023-10-05 18:53:00,UdeA Caucasia,Habilitada,28.38889,87,0.00000
1134,2023-10-05 18:54:00,UdeA Caucasia,Habilitada,28.33333,87,0.00000
1135,2023-10-05 18:55:00,UdeA Caucasia,Habilitada,28.27778,88,0.00000
1136,2023-10-05 18:56:00,UdeA Caucasia,Habilitada,28.16667,87,0.00000
1137,2023-10-05 18:57:00,UdeA Caucasia,Habilitada,28.11111,87,0.00000
1138,2023-10-05 18:58:00,UdeA Caucasia,Habilitada,28.05556,87,0.00000
1139,2023-10-05 18:59:00,UdeA Caucasia,Habilitada,27.94444,87,0.00000
1140,2023-10-05 19:00:00,UdeA Caucasia,Habilitada,27.94444,87,0.00000
1141,2023-10-05 19:01:00,UdeA Caucasia,Habilitada,27.88889,87,0.00000
1142,2023-10-05 19:02:00,UdeA Caucasia,Habilitada,27.83333,87,0.00000
1143,2023-10-05 19:03:00,UdeA Caucasia,Habilitada,27.77778,86,0.00000
1144,2023-10-05 19:04:00,UdeA Caucasia,Habilitada,27.77778,87,0.00000
1145,2023-10-05 19:05:00,UdeA Caucasia,Habilitada,27.72222,87,0.00000
1146,2023-10-05 19:06:00,UdeA Caucasia,Habilitada,27.66667,86,0.00000
1147,2023-10-05 19:07:00,UdeA Caucasia,Habilitada,27.66667,86,0.00000
1148,2023-10-05 19:08:00,UdeA Caucasia,Habilitada,27.66667,86,0.00000
1149,2023-10-05 19:09:01,UdeA Caucasia,Habilitada,27.61111,86,0.00000
1150,2023-10-05 19:10:01,UdeA Caucasia,Habilitada,27.61111,86,0.00000
1151,2023-10-05 19:11:01,UdeA Caucasia,Habilitada,27.55556,86,0.00000
1152,2023-10-05 19:12:01,UdeA Caucasia,Habilitada,27.50000,86,0.00000
1153,2023-10-05 19:13:00,UdeA Caucasia,Habilitada,27.50000,86,0.00000
1154,2023-10-05 19:14:00,UdeA Caucasia,Habilitada,27.50000,86,0.00000
1155,2023-10-05 19:15:00,UdeA Caucasia,Habilitada,27.44444,86,0.00000
1156,2023-10-05 19:16:00,UdeA Caucasia,Habilitada,27.44444,85,0.00000
1157,2023-10-05 19:17:00,UdeA Caucasia,Habilitada,27.38889,86,0.00000
1158,2023-10-05 19:18:00,UdeA Caucasia,Habilitada,27.38889,86,0.00000
1159,2023-10-05 19:19:00,UdeA Caucasia,Habilitada,27.33333,86,0.00000
1160,2023-10-05 19:20:00,UdeA Caucasia,Habilitada,27.33333,86,0.00000
1161,2023-10-05 19:21:00,UdeA Caucasia,Habilitada,27.33333,86,0.00000
1162,2023-10-05 19:22:00,UdeA Caucasia,Habilitada,27.27778,86,0.00000
1163,2023-10-05 19:23:00,UdeA Caucasia,Habilitada,27.27778,86,0.00000
1164,2023-10-05 19:24:00,UdeA Caucasia,Habilitada,27.22222,86,0.00000
1165,2023-10-05 19:25:00,UdeA Caucasia,Habilitada,27.22222,86,0.00000
1166,2023-10-05 19:26:00,UdeA Caucasia,Habilitada,27.16667,86,0.00000
1167,2023-10-05 19:27:00,UdeA Caucasia,Habilitada,27.16667,86,0.00000
1168,2023-10-05 19:28:00,UdeA Caucasia,Habilitada,27.16667,86,0.00000
1169,2023-10-05 19:29:00,UdeA Caucasia,Habilitada,27.11111,85,0.00000
1170,2023-10-05 19:30:00,UdeA Caucasia,Habilitada,27.05556,85,0.00000
1171,2023-10-05 19:31:00,UdeA Caucasia,Habilitada,27.05556,85,0.00000
1172,2023-10-05 19:32:00,UdeA Caucasia,Habilitada,27.05556,85,0.00000
1173,2023-10-05 19:33:00,UdeA Caucasia,Habilitada,27.00000,85,0.00000
1174,2023-10-05 19:34:00,UdeA Caucasia,Habilitada,27.00000,85,0.00000
1175,2023-10-05 19:35:00,UdeA Caucasia,Habilitada,27.05556,86,0.00000
1176,2023-10-05 19:36:00,UdeA Caucasia,Habilitada,27.00000,86,0.00000
1177,2023-10-05 19:37:00,UdeA Caucasia,Habilitada,27.00000,86,0.00000
1178,2023-10-05 19:38:00,UdeA Caucasia,Habilitada,27.00000,85,0.00000
1179,2023-10-05 19:39:00,UdeA Caucasia,Habilitada,27.00000,86,0.00000
1180,2023-10-05 19:40:00,UdeA Caucasia,Habilitada,27.00000,86,0.00000
1181,2023-10-05 19:41:00,UdeA Caucasia,Habilitada,26.94444,86,0.00000
1182,2023-10-05 19:42:00,UdeA Caucasia,Habilitada,26.94444,86,0.00000
1183,2023-10-05 19:43:00,UdeA Caucasia,Habilitada,26.94444,85,0.00000
1184,2023-10-05 19:44:00,UdeA Caucasia,Habilitada,26.88889,85,0.00000
1185,2023-10-05 19:45:00,UdeA Caucasia,Habilitada,26.94444,85,0.00000
1186,2023-10-05 19:46:00,UdeA Caucasia,Habilitada,26.94444,85,0.00000
1187,2023-10-05 19:47:00,UdeA Caucasia,Habilitada,26.88889,85,0.00000
1188,2023-10-05 19:48:01,UdeA Caucasia,Habilitada,26.88889,85,0.00000
1189,2023-10-05 19:49:00,UdeA Caucasia,Habilitada,26.88889,85,0.00000
1190,2023-10-05 19:50:00,UdeA Caucasia,Habilitada,26.88889,85,0.00000
1191,2023-10-05 19:51:00,UdeA Caucasia,Habilitada,26.88889,85,0.00000
1192,2023-10-05 19:52:00,UdeA Caucasia,Habilitada,26.88889,85,0.00000
1193,2023-10-05 19:53:00,UdeA Caucasia,Habilitada,26.88889,85,0.00000
1194,2023-10-05 19:54:00,UdeA Caucasia,Habilitada,26.88889,85,0.00000
1195,2023-10-05 19:55:00,UdeA Caucasia,Habilitada,26.88889,85,0.00000
1196,2023-10-05 19:56:00,UdeA Caucasia,Habilitada,26.88889,85,0.00000
1197,2023-10-05 19:57:00,UdeA Caucasia,Habilitada,26.88889,85,0.00000
1198,2023-10-05 19:58:00,UdeA Caucasia,Habilitada,26.88889,85,0.00000
1199,2023-10-05 19:59:00,UdeA Caucasia,Habilitada,26.88889,85,0.00000
1200,2023-10-05 20:00:00,UdeA Caucasia,Habilitada,26.88889,85,0.00000
1201,2023-10-05 20:01:00,UdeA Caucasia,Habilitada,26.88889,85,0.00000
1202,2023-10-05 20:02:00,UdeA Caucasia,Habilitada,26.88889,85,0.00000
1203,2023-10-05 20:03:00,UdeA Caucasia,Habilitada,26.83333,85,0.00000
1204,2023-10-05 20:04:00,UdeA Caucasia,Habilitada,26.83333,85,0.00000
1205,2023-10-05 20:05:00,UdeA Caucasia,Habilitada,26.83333,85,0.00000
1206,2023-10-05 20:06:00,UdeA Caucasia,Habilitada,26.77778,85,0.00000
1207,2023-10-05 20:07:01,UdeA Caucasia,Habilitada,26.77778,85,0.00000
1208,2023-10-05 20:08:01,UdeA Caucasia,Habilitada,26.77778,85,0.00000
1209,2023-10-05 20:09:01,UdeA Caucasia,Habilitada,26.77778,85,0.00000
1210,2023-10-05 20:10:01,UdeA Caucasia,Habilitada,26.77778,85,0.00000
1211,2023-10-05 20:11:00,UdeA Caucasia,Habilitada,26.72222,85,0.00000
1212,2023-10-05 20:12:00,UdeA Caucasia,Habilitada,26.72222,85,0.00000
1213,2023-10-05 20:13:00,UdeA Caucasia,Habilitada,26.72222,85,0.00000
1214,2023-10-05 20:14:00,UdeA Caucasia,Habilitada,26.72222,85,0.00000
1215,2023-10-05 20:15:00,UdeA Caucasia,Habilitada,26.72222,85,0.00000
1216,2023-10-05 20:16:00,UdeA Caucasia,Habilitada,26.72222,85,0.00000
1217,2023-10-05 20:17:00,UdeA Caucasia,Habilitada,26.72222,85,0.00000
1218,2023-10-05 20:18:00,UdeA Caucasia,Habilitada,26.72222,85,0.00000
1219,2023-10-05 20:19:00,UdeA Caucasia,Habilitada,26.66667,85,0.00000
1220,2023-10-05 20:20:00,UdeA Caucasia,Habilitada,26.72222,85,0.00000
1221,2023-10-05 20:21:00,UdeA Caucasia,Habilitada,26.66667,84,0.00000
1222,2023-10-05 20:22:00,UdeA Caucasia,Habilitada,26.66667,84,0.00000
1223,2023-10-05 20:23:00,UdeA Caucasia,Habilitada,26.66667,85,0.00000
1224,2023-10-05 20:24:00,UdeA Caucasia,Habilitada,26.66667,85,0.00000
1225,2023-10-05 20:25:00,UdeA Caucasia,Habilitada,26.66667,85,0.00000
1226,2023-10-05 20:26:00,UdeA Caucasia,Habilitada,26.66667,85,0.00000
1227,2023-10-05 20:27:00,UdeA Caucasia,Habilitada,26.61111,85,0.00000
1228,2023-10-05 20:28:00,UdeA Caucasia,Habilitada,26.61111,84,0.00000
1229,2023-10-05 20:29:00,UdeA Caucasia,Habilitada,26.55556,84,0.00000
1230,2023-10-05 20:30:00,UdeA Caucasia,Habilitada,26.55556,84,0.00000
1231,2023-10-05 20:31:00,UdeA Caucasia,Habilitada,26.50000,84,0.00000
1232,2023-10-05 20:32:00,UdeA Caucasia,Habilitada,26.50000,84,0.00000
1233,2023-10-05 20:33:00,UdeA Caucasia,Habilitada,26.44444,84,0.00000
1234,2023-10-05 20:34:00,UdeA Caucasia,Habilitada,26.44444,84,0.00000
1235,2023-10-05 20:35:00,UdeA Caucasia,Habilitada,26.44444,85,0.00000
1236,2023-10-05 20:36:00,UdeA Caucasia,Habilitada,26.44444,85,0.00000
1237,2023-10-05 20:37:00,UdeA Caucasia,Habilitada,26.38889,85,0.00000
1238,2023-10-05 20:38:00,UdeA Caucasia,Habilitada,26.38889,85,0.00000
1239,2023-10-05 20:39:00,UdeA Caucasia,Habilitada,26.38889,85,0.00000
1240,2023-10-05 20:40:00,UdeA Caucasia,Habilitada,26.33333,85,0.00000
1241,2023-10-05 20:41:00,UdeA Caucasia,Habilitada,26.33333,85,0.00000
1242,2023-10-05 20:42:00,UdeA Caucasia,Habilitada,26.33333,85,0.00000
1243,2023-10-05 20:43:00,UdeA Caucasia,Habilitada,26.33333,85,0.00000
1244,2023-10-05 20:44:00,UdeA Caucasia,Habilitada,26.33333,85,0.00000
1245,2023-10-05 20:45:00,UdeA Caucasia,Habilitada,26.27778,85,0.00000
1246,2023-10-05 20:46:01,UdeA Caucasia,Habilitada,26.27778,85,0.00000
1247,2023-10-05 20:47:01,UdeA Caucasia,Habilitada,26.27778,86,0.00000
1248,2023-10-05 20:48:00,UdeA Caucasia,Habilitada,26.27778,85,0.00000
1249,2023-10-05 20:49:00,UdeA Caucasia,Habilitada,26.27778,86,0.00000
1250,2023-10-05 20:50:00,UdeA Caucasia,Habilitada,26.27778,86,0.00000
1251,2023-10-05 20:51:00,UdeA Caucasia,Habilitada,26.22222,86,0.00000
1252,2023-10-05 20:52:00,UdeA Caucasia,Habilitada,26.22222,86,0.00000
1253,2023-10-05 20:53:00,UdeA Caucasia,Habilitada,26.27778,86,0.00000
1254,2023-10-05 20:54:00,UdeA Caucasia,Habilitada,26.27778,86,0.00000
1255,2023-10-05 20:55:00,UdeA Caucasia,Habilitada,26.27778,86,0.00000
1256,2023-10-05 20:56:00,UdeA Caucasia,Habilitada,26.27778,86,0.00000
1257,2023-10-05 20:57:00,UdeA Caucasia,Habilitada,26.22222,86,0.00000
1258,2023-10-05 20:58:00,UdeA Caucasia,Habilitada,26.22222,86,0.00000
1259,2023-10-05 20:59:00,UdeA Caucasia,Habilitada,26.22222,86,0.00000
1260,2023-10-05 21:00:00,UdeA Caucasia,Habilitada,26.16667,87,0.00000
1261,2023-10-05 21:01:00,UdeA Caucasia,Habilitada,26.16667,87,0.00000
1262,2023-10-05 21:02:00,UdeA Caucasia,Habilitada,26.16667,87,0.00000
1263,2023-10-05 21:03:00,UdeA Caucasia,Habilitada,26.16667,87,0.00000
1264,2023-10-05 21:04:00,UdeA Caucasia,Habilitada,26.16667,87,0.00000
1265,2023-10-05 21:05:00,UdeA Caucasia,Habilitada,26.11111,88,0.00000
1266,2023-10-05 21:06:01,UdeA Caucasia,Habilitada,26.11111,88,0.00000
1267,2023-10-05 21:07:01,UdeA Caucasia,Habilitada,26.11111,88,0.00000
1268,2023-10-05 21:08:01,UdeA Caucasia,Habilitada,26.11111,87,0.00000
1269,2023-10-05 21:09:01,UdeA Caucasia,Habilitada,26.05556,87,0.00000
1270,2023-10-05 21:10:00,UdeA Caucasia,Habilitada,26.05556,87,0.00000
1271,2023-10-05 21:11:00,UdeA Caucasia,Habilitada,26.05556,87,0.00000
1272,2023-10-05 21:12:00,UdeA Caucasia,Habilitada,26.05556,87,0.00000
1273,2023-10-05 21:13:00,UdeA Caucasia,Habilitada,26.05556,87,0.00000
1274,2023-10-05 21:14:00,UdeA Caucasia,Habilitada,26.05556,87,0.00000
1275,2023-10-05 21:15:00,UdeA Caucasia,Habilitada,26.05556,87,0.00000
1276,2023-10-05 21:16:00,UdeA Caucasia,Habilitada,26.05556,87,0.00000
1277,2023-10-05 21:17:00,UdeA Caucasia,Habilitada,26.11111,88,0.00000
1278,2023-10-05 21:18:00,UdeA Caucasia,Habilitada,26.05556,88,0.00000
1279,2023-10-05 21:19:00,UdeA Caucasia,Habilitada,26.11111,88,0.00000
1280,2023-10-05 21:20:00,UdeA Caucasia,Habilitada,26.11111,88,0.00000
1281,2023-10-05 21:21:00,UdeA Caucasia,Habilitada,26.05556,88,0.00000
1282,2023-10-05 21:22:00,UdeA Caucasia,Habilitada,26.11111,88,0.00000
1283,2023-10-05 21:23:00,UdeA Caucasia,Habilitada,26.11111,88,0.00000
1284,2023-10-05 21:24:00,UdeA Caucasia,Habilitada,26.11111,88,0.00000
1285,2023-10-05 21:25:00,UdeA Caucasia,Habilitada,26.11111,88,0.00000
1286,2023-10-05 21:26:00,UdeA Caucasia,Habilitada,26.11111,88,0.00000
1287,2023-10-05 21:27:00,UdeA Caucasia,Habilitada,26.11111,88,0.00000
1288,2023-10-05 21:28:00,UdeA Caucasia,Habilitada,26.16667,88,0.00000
1289,2023-10-05 21:29:00,UdeA Caucasia,Habilitada,26.16667,88,0.00000
1290,2023-10-05 21:30:00,UdeA Caucasia,Habilitada,26.16667,88,0.00000
1291,2023-10-05 21:31:00,UdeA Caucasia,Habilitada,26.16667,88,0.00000
1292,2023-10-05 21:32:00,UdeA Caucasia,Habilitada,26.16667,88,0.00000
1293,2023-10-05 21:33:00,UdeA Caucasia,Habilitada,26.16667,88,0.00000
1294,2023-10-05 21:34:00,UdeA Caucasia,Habilitada,26.16667,88,0.00000
1295,2023-10-05 21:35:00,UdeA Caucasia,Habilitada,26.16667,88,0.00000
1296,2023-10-05 21:36:00,UdeA Caucasia,Habilitada,26.16667,88,0.00000
1297,2023-10-05 21:37:00,UdeA Caucasia,Habilitada,26.16667,88,0.00000
1298,2023-10-05 21:38:00,UdeA Caucasia,Habilitada,26.16667,88,0.00000
1299,2023-10-05 21:39:00,UdeA Caucasia,Habilitada,26.16667,88,0.00000
1300,2023-10-05 21:40:00,UdeA Caucasia,Habilitada,26.16667,88,0.00000
1301,2023-10-05 21:41:00,UdeA Caucasia,Habilitada,26.16667,88,0.00000
1302,2023-10-05 21:42:00,UdeA Caucasia,Habilitada,26.16667,88,0.00000
1303,2023-10-05 21:43:00,UdeA Caucasia,Habilitada,26.16667,88,0.00000
1304,2023-10-05 21:44:00,UdeA Caucasia,Habilitada,26.16667,88,0.00000
1305,2023-10-05 21:45:01,UdeA Caucasia,Habilitada,26.16667,88,0.00000
1306,2023-10-05 21:46:00,UdeA Caucasia,Habilitada,26.11111,88,0.00000
1307,2023-10-05 21:47:00,UdeA Caucasia,Habilitada,26.11111,87,0.00000
1308,2023-10-05 21:48:00,UdeA Caucasia,Habilitada,26.11111,88,0.00000
1309,2023-10-05 21:49:00,UdeA Caucasia,Habilitada,26.11111,88,0.00000
1310,2023-10-05 21:50:00,UdeA Caucasia,Habilitada,26.11111,87,0.00000
1311,2023-10-05 21:51:00,UdeA Caucasia,Habilitada,26.11111,87,0.00000
1312,2023-10-05 21:52:00,UdeA Caucasia,Habilitada,26.11111,87,0.00000
1313,2023-10-05 21:53:00,UdeA Caucasia,Habilitada,26.11111,87,0.00000
1314,2023-10-05 21:54:00,UdeA Caucasia,Habilitada,26.11111,87,0.00000
1315,2023-10-05 21:55:00,UdeA Caucasia,Habilitada,26.11111,88,0.00000
1316,2023-10-05 21:56:00,UdeA Caucasia,Habilitada,26.05556,87,0.00000
1317,2023-10-05 21:57:00,UdeA Caucasia,Habilitada,26.05556,87,0.00000
1318,2023-10-05 21:58:00,UdeA Caucasia,Habilitada,26.05556,87,0.00000
1319,2023-10-05 21:59:00,UdeA Caucasia,Habilitada,26.00000,87,0.00000
1320,2023-10-05 22:00:00,UdeA Caucasia,Habilitada,25.94444,88,0.00000
1321,2023-10-05 22:01:00,UdeA Caucasia,Habilitada,25.94444,88,0.00000
1322,2023-10-05 22:02:00,UdeA Caucasia,Habilitada,25.94444,88,0.00000
1323,2023-10-05 22:03:00,UdeA Caucasia,Habilitada,25.88889,88,0.00000
1324,2023-10-05 22:04:01,UdeA Caucasia,Habilitada,25.83333,88,0.00000
1325,2023-10-05 22:05:00,UdeA Caucasia,Habilitada,25.83333,88,0.00000
1326,2023-10-05 22:06:01,UdeA Caucasia,Habilitada,25.83333,88,0.00000
1327,2023-10-05 22:07:01,UdeA Caucasia,Habilitada,25.77778,88,0.00000
1328,2023-10-05 22:08:00,UdeA Caucasia,Habilitada,25.77778,88,0.00000
1329,2023-10-05 22:09:00,UdeA Caucasia,Habilitada,25.77778,88,0.00000
1330,2023-10-05 22:10:00,UdeA Caucasia,Habilitada,25.77778,88,0.00000
1331,2023-10-05 22:11:00,UdeA Caucasia,Habilitada,25.72222,88,0.00000
1332,2023-10-05 22:12:00,UdeA Caucasia,Habilitada,25.66667,88,0.00000
1333,2023-10-05 22:13:00,UdeA Caucasia,Habilitada,25.66667,88,0.00000
1334,2023-10-05 22:14:00,UdeA Caucasia,Habilitada,25.66667,88,0.00000
1335,2023-10-05 22:15:00,UdeA Caucasia,Habilitada,25.61111,88,0.00000
1336,2023-10-05 22:16:00,UdeA Caucasia,Habilitada,25.61111,88,0.00000
1337,2023-10-05 22:17:00,UdeA Caucasia,Habilitada,25.61111,88,0.00000
1338,2023-10-05 22:18:00,UdeA Caucasia,Habilitada,25.61111,88,0.00000
1339,2023-10-05 22:19:00,UdeA Caucasia,Habilitada,25.61111,88,0.00000
1340,2023-10-05 22:20:00,UdeA Caucasia,Habilitada,25.61111,88,0.00000
1341,2023-10-05 22:21:00,UdeA Caucasia,Habilitada,25.61111,88,0.00000
1342,2023-10-05 22:22:00,UdeA Caucasia,Habilitada,25.61111,88,0.00000
1343,2023-10-05 22:23:00,UdeA Caucasia,Habilitada,25.61111,88,0.00000
1344,2023-10-05 22:24:00,UdeA Caucasia,Habilitada,25.61111,88,0.00000
1345,2023-10-05 22:25:00,UdeA Caucasia,Habilitada,25.61111,88,0.00000
1346,2023-10-05 22:26:00,UdeA Caucasia,Habilitada,25.61111,88,0.00000
1347,2023-10-05 22:27:00,UdeA Caucasia,Habilitada,25.61111,88,0.00000
1348,2023-10-05 22:28:00,UdeA Caucasia,Habilitada,25.61111,88,0.00000
1349,2023-10-05 22:29:00,UdeA Caucasia,Habilitada,25.61111,88,0.00000
1350,2023-10-05 22:30:00,UdeA Caucasia,Habilitada,25.61111,88,0.00000
1351,2023-10-05 22:31:00,UdeA Caucasia,Habilitada,25.61111,88,0.00000
1352,2023-10-05 22:32:00,UdeA Caucasia,Habilitada,25.66667,88,0.00000
1353,2023-10-05 22:33:00,UdeA Caucasia,Habilitada,25.66667,88,0.00000
1354,2023-10-05 22:34:00,UdeA Caucasia,Habilitada,25.66667,88,0.00000
1355,2023-10-05 22:35:00,UdeA Caucasia,Habilitada,25.61111,88,0.00000
1356,2023-10-05 22:36:00,UdeA Caucasia,Habilitada,25.66667,88,0.00000
1357,2023-10-05 22:37:00,UdeA Caucasia,Habilitada,25.66667,88,0.00000
1358,2023-10-05 22:38:00,UdeA Caucasia,Habilitada,25.66667,87,0.00000
1359,2023-10-05 22:39:00,UdeA Caucasia,Habilitada,25.72222,88,0.00000
1360,2023-10-05 22:40:00,UdeA Caucasia,Habilitada,25.66667,87,0.00000
1361,2023-10-05 22:41:00,UdeA Caucasia,Habilitada,25.66667,87,0.00000
1362,2023-10-05 22:42:00,UdeA Caucasia,Habilitada,25.72222,87,0.00000
1363,2023-10-05 22:43:00,UdeA Caucasia,Habilitada,25.66667,86,0.00000
1364,2023-10-05 22:44:01,UdeA Caucasia,Habilitada,25.72222,86,0.00000
1365,2023-10-05 22:45:00,UdeA Caucasia,Habilitada,25.72222,86,0.00000
1366,2023-10-05 22:46:00,UdeA Caucasia,Habilitada,25.72222,86,0.00000
1367,2023-10-05 22:47:00,UdeA Caucasia,Habilitada,25.72222,87,0.00000
1368,2023-10-05 22:48:00,UdeA Caucasia,Habilitada,25.72222,87,0.00000
1369,2023-10-05 22:49:00,UdeA Caucasia,Habilitada,25.72222,87,0.00000
1370,2023-10-05 22:50:00,UdeA Caucasia,Habilitada,25.72222,87,0.00000
1371,2023-10-05 22:51:00,UdeA Caucasia,Habilitada,25.72222,87,0.00000
1372,2023-10-05 22:52:00,UdeA Caucasia,Habilitada,25.72222,87,0.00000
1373,2023-10-05 22:53:00,UdeA Caucasia,Habilitada,25.72222,87,0.00000
1374,2023-10-05 22:54:00,UdeA Caucasia,Habilitada,25.72222,87,0.00000
1375,2023-10-05 22:55:00,UdeA Caucasia,Habilitada,25.66667,87,0.00000
1376,2023-10-05 22:56:00,UdeA Caucasia,Habilitada,25.66667,87,0.00000
1377,2023-10-05 22:57:00,UdeA Caucasia,Habilitada,25.66667,87,0.00000
1378,2023-10-05 22:58:00,UdeA Caucasia,Habilitada,25.66667,87,0.00000
1379,2023-10-05 22:59:00,UdeA Caucasia,Habilitada,25.66667,87,0.00000
1380,2023-10-05 23:00:00,UdeA Caucasia,Habilitada,25.66667,87,0.00000
1381,2023-10-05 23:01:00,UdeA Caucasia,Habilitada,25.61111,87,0.00000
1382,2023-10-05 23:02:00,UdeA Caucasia,Habilitada,25.66667,87,0.00000
1383,2023-10-05 23:03:00,UdeA Caucasia,Habilitada,25.61111,87,0.00000
1384,2023-10-05 23:04:01,UdeA Caucasia,Habilitada,25.61111,87,0.00000
1385,2023-10-05 23:05:00,UdeA Caucasia,Habilitada,25.61111,87,0.00000
1386,2023-10-05 23:06:01,UdeA Caucasia,Habilitada,25.61111,87,0.00000
1387,2023-10-05 23:07:00,UdeA Caucasia,Habilitada,25.61111,87,0.00000
1388,2023-10-05 23:08:00,UdeA Caucasia,Habilitada,25.61111,87,0.00000
1389,2023-10-05 23:09:00,UdeA Caucasia,Habilitada,25.55556,87,0.00000
1390,2023-10-05 23:10:00,UdeA Caucasia,Habilitada,25.55556,87,0.00000
1391,2023-10-05 23:11:00,UdeA Caucasia,Habilitada,25.55556,87,0.00000
1392,2023-10-05 23:12:00,UdeA Caucasia,Habilitada,25.50000,87,0.00000
1393,2023-10-05 23:13:00,UdeA Caucasia,Habilitada,25.50000,87,0.00000
1394,2023-10-05 23:14:00,UdeA Caucasia,Habilitada,25.50000,87,0.00000
1395,2023-10-05 23:15:00,UdeA Caucasia,Habilitada,25.50000,88,0.00000
1396,2023-10-05 23:16:00,UdeA Caucasia,Habilitada,25.50000,88,0.00000
1397,2023-10-05 23:17:00,UdeA Caucasia,Habilitada,25.44444,88,0.00000
1398,2023-10-05 23:18:00,UdeA Caucasia,Habilitada,25.44444,88,0.00000
1399,2023-10-05 23:19:00,UdeA Caucasia,Habilitada,25.44444,88,0.00000
1400,2023-10-05 23:20:00,UdeA Caucasia,Habilitada,25.44444,88,0.00000
1401,2023-10-05 23:21:00,UdeA Caucasia,Habilitada,25.44444,88,0.00000
1402,2023-10-05 23:22:00,UdeA Caucasia,Habilitada,25.38889,88,0.00000
1403,2023-10-05 23:23:00,UdeA Caucasia,Habilitada,25.44444,89,0.00000
1404,2023-10-05 23:24:00,UdeA Caucasia,Habilitada,25.38889,89,0.00000
1405,2023-10-05 23:25:00,UdeA Caucasia,Habilitada,25.38889,89,0.00000
1406,2023-10-05 23:26:00,UdeA Caucasia,Habilitada,25.33333,89,0.00000
1407,2023-10-05 23:27:00,UdeA Caucasia,Habilitada,25.33333,89,0.00000
1408,2023-10-05 23:28:00,UdeA Caucasia,Habilitada,25.33333,89,0.00000
1409,2023-10-05 23:29:00,UdeA Caucasia,Habilitada,25.33333,89,0.00000
1410,2023-10-05 23:30:00,UdeA Caucasia,Habilitada,25.33333,89,0.00000
1411,2023-10-05 23:31:00,UdeA Caucasia,Habilitada,25.33333,89,0.00000
1412,2023-10-05 23:32:00,UdeA Caucasia,Habilitada,25.33333,89,0.00000
1413,2023-10-05 23:33:00,UdeA Caucasia,Habilitada,25.33333,90,0.00000
1414,2023-10-05 23:34:00,UdeA Caucasia,Habilitada,25.33333,89,0.00000
1415,2023-10-05 23:35:00,UdeA Caucasia,Habilitada,25.33333,90,0.00000
1416,2023-10-05 23:36:00,UdeA Caucasia,Habilitada,25.33333,90,0.00000
1417,2023-10-05 23:37:00,UdeA Caucasia,Habilitada,25.33333,89,0.00000
1418,2023-10-05 23:38:00,UdeA Caucasia,Habilitada,25.33333,89,0.00000
1419,2023-10-05 23:39:00,UdeA Caucasia,Habilitada,25.33333,90,0.00000
1420,2023-10-05 23:40:00,UdeA Caucasia,Habilitada,25.33333,90,0.00000
1421,2023-10-05 23:41:00,UdeA Caucasia,Habilitada,25.33333,90,0.00000
1422,2023-10-05 23:42:01,UdeA Caucasia,Habilitada,25.33333,90,0.00000
1423,2023-10-05 23:43:00,UdeA Caucasia,Habilitada,25.33333,90,0.00000
1424,2023-10-05 23:44:01,UdeA Caucasia,Habilitada,25.33333,90,0.00000
1425,2023-10-05 23:45:01,UdeA Caucasia,Habilitada,25.33333,90,0.00000
1426,2023-10-05 23:46:02,UdeA Caucasia,Habilitada,25.33333,90,0.00000
1427,2023-10-05 23:47:00,UdeA Caucasia,Habilitada,25.33333,90,0.00000
1428,2023-10-05 23:48:00,UdeA Caucasia,Habilitada,25.33333,90,0.00000
1429,2023-10-05 23:49:00,UdeA Caucasia,Habilitada,25.33333,91,0.00000
1430,2023-10-05 23:50:00,UdeA Caucasia,Habilitada,25.27778,91,0.00000
1431,2023-10-05 23:51:00,UdeA Caucasia,Habilitada,25.27778,91,0.00000
1432,2023-10-05 23:52:00,UdeA Caucasia,Habilitada,25.27778,91,0.00000
1433,2023-10-05 23:53:00,UdeA Caucasia,Habilitada,25.27778,91,0.00000
1434,2023-10-05 23:54:00,UdeA Caucasia,Habilitada,25.22222,91,0.00000
1435,2023-10-05 23:55:00,UdeA Caucasia,Habilitada,25.22222,92,0.00000
1436,2023-10-05 23:56:00,UdeA Caucasia,Habilitada,25.22222,91,0.00000
1437,2023-10-05 23:57:00,UdeA Caucasia,Habilitada,25.16667,91,0.00000
1438,2023-10-05 23:58:00,UdeA Caucasia,Habilitada,25.16667,91,0.00000
1439,2023-10-05 23:59:00,UdeA Caucasia,Habilitada,25.16667,92,0.00000
1440,2023-10-06 00:00:00,UdeA Caucasia,Habilitada,25.11111,91,0.00000
