[
  {
    "file": "raw\\epidemiology_caucasia_municipal.csv",
    "variable": "epidemiology",
    "frequency": "daily",
    "period_from": "2020-01-01 00:00:00-05:00",
    "period_to": "2025-12-31 00:00:00-05:00",
    "sha256": "fb66003ebe84ec856a939267ae44216603ab0cc5df27db326b2249941384c2a0",
    "source": "synthetic_simulation",
    "contact": "Marco - ejemplo sintético",
    "license": "CC-BY-4.0 (simulated)"
  },
  {
    "file": "raw\\meteorology_IDEAM_Caucasia_001.csv",
    "variable": "meteorology",
    "frequency": "daily",
    "period_from": "2020-01-01 00:00:00-05:00",
    "period_to": "2025-12-31 00:00:00-05:00",
    "sha256": "360ce48680fc677bb4d42f6cf4a75d466c621a78da6d50605e47646e64e7ddad",
    "source": "synthetic_simulation",
    "contact": "Marco - ejemplo sintético",
    "license": "CC-BY-4.0 (simulated)"
  },
  {
    "file": "raw\\meteorology_MiraCielo_002.csv",
    "variable": "meteorology",
    "frequency": "daily",
    "period_from": "2020-01-01 00:00:00-05:00",
    "period_to": "2025-12-31 00:00:00-05:00",
    "sha256": "29960006b4328833396cb3310f3661c1dceb0db93d15a5c584efdc74a954dce6",
    "source": "synthetic_simulation",
    "contact": "Marco - ejemplo sintético",
    "license": "CC-BY-4.0 (simulated)"
  },
  {
    "file": "raw\\stations_metadata.csv",
    "variable": "metadata",
    "frequency": "daily",
    "period_from": null,
    "period_to": null,
    "sha256": "4d3fc8cb93526feeff6129c6ea273cf21ea0a4f4784e55d4060caaf3478e71a2",
    "source": "synthetic_simulation",
    "contact": "Marco - ejemplo sintético",
    "license": "CC-BY-4.0 (simulated)"
  }
]