CodigoEstacion,NombreEstacion,Latitud,Longitud,Altitud,Categoria,Entidad,AreaOperativa,Departamento,Municipio,FechaInstalacion,FechaSuspension,IdParametro,Etiqueta,DescripcionSerie,Frecuencia,Fecha,Valor,Grado,Calificador,NivelAprobacion
26255040,CACAOTERAS DEL DIQ [26255040],7.9833333330,-75.11666667,55,Climática Principal,INSTITUTO DE HIDROLOGIA METEOROLOGIA Y ESTUDIOS AMBIENTALES,Area Operativa 01 - Antioquia-Chocó,Antioquia,Caucasia,15/08/1968 00:00,10/12/2008 00:00,PRECIPITACION,PTPM_TT_M,Precipitación total mensual,Mensual,2007-08-01 00:00,916,4,,900
26255040,CACAOTERAS DEL DIQ [26255040],7.9833333330,-75.11666667,55,Climática Principal,INSTITUTO DE HIDROLOGIA METEOROLOGIA Y ESTUDIOS AMBIENTALES,Area Operativa 01 - Antioquia-Chocó,Antioquia,Caucasia,15/08/1968 00:00,10/12/2008 00:00,PRECIPITACION,PTPM_TT_M,Precipitación total mensual,Mensual,2007-09-01 00:00,656,4,,900
26255040,CACAOTERAS DEL DIQ [26255040],7.9833333330,-75.11666667,55,Climática Principal,INSTITUTO DE HIDROLOGIA METEOROLOGIA Y ESTUDIOS AMBIENTALES,Area Operativa 01 - Antioquia-Chocó,Antioquia,Caucasia,15/08/1968 00:00,10/12/2008 00:00,PRECIPITACION,PTPM_TT_M,Precipitación total mensual,Mensual,2007-10-01 00:00,806,50,,900
26255040,CACAOTERAS DEL DIQ [26255040],7.9833333330,-75.11666667,55,Climática Principal,INSTITUTO DE HIDROLOGIA METEOROLOGIA Y ESTUDIOS AMBIENTALES,Area Operativa 01 - Antioquia-Chocó,Antioquia,Caucasia,15/08/1968 00:00,10/12/2008 00:00,PRECIPITACION,PTPM_TT_M,Precipitación total mensual,Mensual,2007-11-01 00:00,353,4,,900
26255040,CACAOTERAS DEL DIQ [26255040],7.9833333330,-75.11666667,55,Climática Principal,INSTITUTO DE HIDROLOGIA METEOROLOGIA Y ESTUDIOS AMBIENTALES,Area Operativa 01 - Antioquia-Chocó,Antioquia,Caucasia,15/08/1968 00:00,10/12/2008 00:00,PRECIPITACION,PTPM_TT_M,Precipitación total mensual,Mensual,2007-12-01 00:00,302,50,,900
26255040,CACAOTERAS DEL DIQ [26255040],7.9833333330,-75.11666667,55,Climática Principal,INSTITUTO DE HIDROLOGIA METEOROLOGIA Y ESTUDIOS AMBIENTALES,Area Operativa 01 - Antioquia-Chocó,Antioquia,Caucasia,15/08/1968 00:00,10/12/2008 00:00,PRECIPITACION,PTPM_TT_M,Precipitación total mensual,Mensual,2008-01-01 00:00,0,50,,900
26255040,CACAOTERAS DEL DIQ [26255040],7.9833333330,-75.11666667,55,Climática Principal,INSTITUTO DE HIDROLOGIA METEOROLOGIA Y ESTUDIOS AMBIENTALES,Area Operativa 01 - Antioquia-Chocó,Antioquia,Caucasia,15/08/1968 00:00,10/12/2008 00:00,PRECIPITACION,PTPM_TT_M,Precipitación total mensual,Mensual,2008-02-01 00:00,80,50,,900
26255040,CACAOTERAS DEL DIQ [26255040],7.9833333330,-75.11666667,55,Climática Principal,INSTITUTO DE HIDROLOGIA METEOROLOGIA Y ESTUDIOS AMBIENTALES,Area Operativa 01 - Antioquia-Chocó,Antioquia,Caucasia,15/08/1968 00:00,10/12/2008 00:00,PRECIPITACION,PTPM_TT_M,Precipitación total mensual,Mensual,2008-03-01 00:00,55,50,,900
