fecha,año,semana_epidemiologica,casos_dengue,temp,temp_max,temp_min,hum_esp,hum_rel,prec,dias_lluvia,vel_vi,vel_vi_max,vel_vi_min,uv
2021-01-02,2020,53,0,27.91,34.175,23.61,17.3,76.1,15.709999999999999,2,0.12000000000000001,0.235,0.03,2.33
2021-01-09,2021,1,1,28.252857142857145,34.2,23.832857142857144,16.30857142857143,70.50857142857143,5.720000000000001,1,0.12142857142857144,0.24428571428571427,0.047142857142857146,2.222857142857143
2021-01-16,2021,2,0,28.687142857142856,34.910000000000004,24.195714285714285,17.318571428571428,72.88571428571429,19.15,5,0.11714285714285715,0.20857142857142857,0.038571428571428576,2.254285714285714
2021-01-23,2021,3,0,29.592857142857145,36.37285714285714,24.09,16.11285714285714,65.12285714285714,0.77,0,0.12428571428571429,0.22571428571428573,0.045714285714285714,2.4200000000000004
2021-01-30,2021,4,1,29.189999999999998,35.978571428571435,24.2,16.51142857142857,68.06857142857143,12.92,4,0.12285714285714286,0.22,0.03571428571428571,2.4771428571428573
2021-02-06,2021,5,1,29.454285714285714,35.88285714285714,24.684285714285714,17.427142857142858,70.10571428571428,17.939999999999998,3,0.12,0.22142857142857145,0.03,2.29
2021-02-13,2021,6,2,29.86285714285714,36.214285714285715,25.01142857142857,16.515714285714285,65.16142857142857,13.17,1,0.1285714285714286,0.27571428571428575,0.04428571428571428,2.144285714285714
2021-02-20,2021,7,1,28.888571428571428,35.214285714285715,24.24142857142857,16.46857142857143,68.82857142857144,12.8,3,0.13,0.25,0.048571428571428564,2.355714285714286
2021-02-27,2021,8,0,30.425714285714285,37.58857142857143,24.681428571428572,16.080000000000002,62.26857142857143,2.09,0,0.12428571428571429,0.25142857142857145,0.03571428571428571,2.1228571428571428
2021-03-06,2021,9,1,29.217142857142857,35.84428571428571,23.867142857142856,15.078571428571427,62.567142857142855,9.83,2,0.14142857142857143,0.2642857142857143,0.055714285714285716,2.1557142857142857
2021-03-13,2021,10,0,28.815714285714286,34.60142857142857,24.41142857142857,15.717142857142857,65.66571428571429,0.16,0,0.1285714285714286,0.2642857142857143,0.04285714285714286,2.1542857142857144
2021-03-20,2021,11,0,28.868571428571425,33.964285714285715,24.854285714285712,16.03,66.14571428571428,0.8800000000000001,0,0.12285714285714286,0.22571428571428573,0.04857142857142858,2.1228571428571428
2021-03-27,2021,12,0,29.678571428571427,35.07714285714285,25.154285714285713,15.332857142857142,60.71857142857142,0.17,0,0.12571428571428572,0.25285714285714284,0.045714285714285714,2.1414285714285715
2021-04-03,2021,13,1,31.541428571428572,36.74714285714286,26.91857142857143,15.76,55.90428571428571,0.66,0,0.1142857142857143,0.19714285714285712,0.038571428571428576,2.2085714285714286
2021-04-10,2021,14,0,29.198571428571427,33.54714285714285,25.458571428571425,16.554285714285715,66.94428571428571,5.0200000000000005,2,0.13285714285714287,0.23857142857142857,0.049999999999999996,2.0685714285714285
2021-04-17,2021,15,0,28.125714285714285,32.27857142857143,25.077142857142857,17.905714285714286,76.16285714285713,44.54,5,0.12285714285714286,0.21857142857142858,0.05714285714285715,2.1514285714285717
2021-04-24,2021,16,0,29.19,34.70428571428572,25.035714285714285,17.534285714285712,71.28714285714285,17.76,1,0.12714285714285714,0.2542857142857143,0.04428571428571428,2.218571428571429
2021-05-01,2021,17,1,29.037142857142857,34.357142857142854,25.041428571428572,16.514285714285712,67.49285714285715,1.4600000000000002,1,0.13571428571428573,0.23142857142857146,0.06857142857142857,2.1514285714285717
2021-05-08,2021,18,0,28.542857142857144,33.46,24.732857142857142,16.275714285714287,68.65857142857143,1.4600000000000002,1,0.11714285714285715,0.2342857142857143,0.037142857142857144,2.5
2021-05-15,2021,19,3,31.24142857142857,37.85142857142857,26.074285714285715,16.87142857142857,62.098571428571425,0.0,0,0.11285714285714286,0.23285714285714285,0.02,2.5042857142857144
2021-05-22,2021,20,0,30.065714285714286,34.40714285714286,26.412857142857142,16.997142857142858,65.11285714285715,0.14,0,0.11714285714285715,0.23714285714285713,0.027142857142857142,2.185714285714286
2021-05-29,2021,21,1,29.985714285714288,34.80571428571429,26.334285714285716,17.812857142857144,69.07142857142857,8.75,3,0.11142857142857143,0.19,0.04285714285714286,2.4499999999999997
2021-06-05,2021,22,0,29.25857142857143,33.85142857142857,25.560000000000002,17.234285714285715,69.39142857142858,1.85,1,0.10571428571428572,0.21,0.03,2.314285714285714
2021-06-12,2021,23,1,28.91,33.54714285714285,25.217142857142854,16.62857142857143,68.50857142857143,4.18,2,0.10142857142857142,0.18857142857142858,0.03571428571428571,2.1357142857142857
2021-06-19,2021,24,2,29.725714285714282,34.62714285714286,25.565714285714286,16.352857142857143,64.44000000000001,2.17,1,0.1142857142857143,0.20285714285714285,0.045714285714285714,2.3242857142857143
2021-06-26,2021,25,0,29.207142857142856,34.4,25.140000000000004,15.535714285714286,63.185714285714276,0.85,0,0.12000000000000001,0.19714285714285712,0.045714285714285714,2.3842857142857143
2021-07-03,2021,26,0,29.474285714285713,35.36,25.16857142857143,16.172857142857143,65.54142857142857,11.059999999999999,2,0.12285714285714286,0.22999999999999998,0.039999999999999994,2.4257142857142857
2021-07-10,2021,27,0,30.25142857142857,36.56,25.665714285714284,16.59,64.65142857142857,5.720000000000001,2,0.10857142857142857,0.2057142857142857,0.032857142857142856,2.62
2021-07-17,2021,28,0,30.381428571428575,36.402857142857144,25.775714285714287,16.565714285714286,63.64714285714285,12.8,2,0.11714285714285715,0.21714285714285714,0.025714285714285714,2.412857142857143
2021-07-24,2021,29,3,31.35,37.44857142857143,26.52,17.07857142857143,62.89857142857143,9.5,3,0.1142857142857143,0.21285714285714286,0.04,2.3785714285714286
2021-07-31,2021,30,0,29.47,35.58714285714286,24.875714285714285,16.43,67.11999999999999,12.98,2,0.13142857142857142,0.24571428571428572,0.04285714285714286,2.1214285714285714
2021-08-07,2021,31,0,29.364285714285717,34.99857142857143,25.562857142857144,16.655714285714286,67.45142857142856,7.37,4,0.12285714285714286,0.2414285714285714,0.03428571428571429,2.605714285714286
2021-08-14,2021,32,2,29.678571428571427,34.681428571428576,25.7,16.234285714285715,64.21142857142857,0.3,0,0.12,0.20285714285714285,0.04285714285714286,2.6271428571428572
2021-08-21,2021,33,4,27.764285714285712,32.84285714285714,24.228571428571428,16.65,73.39285714285714,31.21,4,0.1285714285714286,0.24714285714285714,0.028571428571428574,2.6757142857142857
2021-08-28,2021,34,5,27.46857142857143,31.958571428571425,24.367142857142856,17.607142857142858,78.20142857142856,29.68,4,0.12142857142857143,0.20714285714285713,0.049999999999999996,2.358571428571428
2021-09-04,2021,35,7,29.282857142857146,35.39142857142857,24.859999999999996,16.572857142857142,67.33285714285714,8.62,4,0.12714285714285714,0.22999999999999998,0.038571428571428576,2.3099999999999996
2021-09-11,2021,36,6,28.908571428571427,34.57285714285714,24.897142857142857,16.31714285714286,67.67571428571429,16.04,2,0.1457142857142857,0.2871428571428572,0.03571428571428571,2.424285714285714
2021-09-18,2021,37,3,28.697142857142858,34.31428571428571,24.77857142857143,17.31714285714286,72.55142857142857,29.96,5,0.13285714285714287,0.23142857142857146,0.05,2.422857142857143
2021-09-25,2021,38,2,27.804285714285715,32.50714285714286,24.610000000000003,17.702857142857145,77.41428571428571,22.200000000000003,3,0.12428571428571429,0.22428571428571425,0.032857142857142856,2.5085714285714285
2021-10-02,2021,39,6,28.134285714285713,32.82142857142857,24.854285714285716,17.157142857142855,73.37285714285714,1.8,0,0.11285714285714286,0.2057142857142857,0.045714285714285714,2.3785714285714286
2021-10-09,2021,40,7,27.889999999999997,32.47142857142857,24.804285714285715,18.37,79.2057142857143,68.62,6,0.12714285714285714,0.23714285714285716,0.049999999999999996,2.031428571428571
2021-10-16,2021,41,5,26.785714285714285,30.367142857142856,24.27,18.807142857142857,85.63857142857144,45.96,5,0.14285714285714285,0.2757142857142857,0.030000000000000002,2.1614285714285715
2021-10-23,2021,42,4,26.72,30.185714285714287,24.38714285714286,18.47,84.55428571428571,24.5,4,0.14285714285714285,0.30428571428571427,0.03142857142857143,2.4057142857142857
2021-10-30,2021,43,11,26.31714285714286,29.672857142857143,23.889999999999997,18.882857142857144,88.3157142857143,63.06,6,0.1442857142857143,0.3085714285714286,0.03571428571428571,2.2671428571428573
2021-11-06,2021,44,4,26.064285714285713,29.73857142857143,23.35571428571429,17.99857142857143,85.7,15.67,4,0.14857142857142858,0.31285714285714283,0.04,2.317142857142857
2021-11-13,2021,45,12,27.545714285714286,31.877142857142854,24.484285714285715,18.264285714285716,80.34285714285714,2.89,1,0.1357142857142857,0.23,0.055714285714285716,2.1342857142857143
2021-11-20,2021,46,9,28.487142857142857,33.628571428571426,24.568571428571428,17.78,74.74571428571429,7.21,4,0.13428571428571429,0.24000000000000002,0.06,2.077142857142857
2021-11-27,2021,47,11,26.004285714285714,28.585714285714285,24.027142857142856,18.71,88.88142857142857,40.56,4,0.13428571428571429,0.25857142857142856,0.060000000000000005,1.9742857142857144
2021-12-04,2021,48,14,26.72142857142857,30.647142857142857,23.835714285714285,18.694285714285716,85.69857142857143,47.28,5,0.1285714285714286,0.2757142857142857,0.03,2.045714285714286
2021-12-11,2021,49,5,28.16142857142857,33.05714285714286,24.45285714285714,18.002857142857145,76.48428571428572,2.75,1,0.1142857142857143,0.22571428571428573,0.022857142857142857,2.072857142857143
2021-12-18,2021,50,8,26.845714285714283,30.974285714285713,23.822857142857142,17.67142857142857,80.73857142857142,15.110000000000001,4,0.12714285714285714,0.28285714285714286,0.015714285714285715,2.0185714285714282
2021-12-25,2021,51,15,26.731428571428573,31.099999999999998,23.71857142857143,17.704285714285714,81.42,8.91,3,0.12714285714285714,0.2414285714285714,0.04142857142857143,2.0785714285714287
2022-01-01,2021,52,4,27.782857142857143,32.91285714285714,24.068571428571428,17.91142857142857,78.1557142857143,26.89,4,0.11,0.22571428571428573,0.017142857142857144,2.012857142857143
2022-01-08,2022,1,4,28.222857142857144,34.212857142857146,23.69142857142857,16.327142857142857,70.96142857142857,12.040000000000001,3,0.12142857142857143,0.24285714285714285,0.024285714285714282,2.012857142857143
2022-01-15,2022,2,5,27.181428571428572,32.892857142857146,23.025714285714287,15.877142857142857,72.93857142857142,13.340000000000002,2,0.11571428571428573,0.2285714285714286,0.027142857142857142,1.912857142857143
2022-01-22,2022,3,3,29.255714285714284,35.46142857142858,24.594285714285714,16.658571428571427,68.00428571428571,1.86,1,0.11142857142857143,0.22142857142857145,0.03142857142857143,2.0442857142857145
2022-01-29,2022,4,12,29.259999999999998,35.94285714285714,24.34142857142857,16.085714285714285,66.10857142857142,1.92,0,0.13571428571428573,0.26571428571428574,0.06999999999999999,2.2857142857142856
2022-02-05,2022,5,11,29.164285714285715,36.33,23.701428571428572,15.247142857142858,63.79,4.470000000000001,2,0.13428571428571429,0.27142857142857146,0.04285714285714286,2.2514285714285713
2022-02-12,2022,6,13,28.481428571428573,34.85285714285714,23.94142857142857,16.584285714285716,71.15571428571428,21.97,4,0.13,0.24,0.05285714285714286,1.9385714285714286
2022-02-19,2022,7,9,29.53142857142857,36.13285714285714,24.650000000000002,16.454285714285714,66.83142857142857,9.14,4,0.13142857142857142,0.25,0.032857142857142856,2.0028571428571427
2022-02-26,2022,8,6,29.71857142857143,37.042857142857144,23.882857142857144,14.954285714285716,60.99428571428571,4.46,2,0.13714285714285715,0.2885714285714286,0.05,2.2357142857142858
2022-03-05,2022,9,12,27.572857142857142,32.395714285714284,24.23,17.79,78.71000000000001,43.28,7,0.12285714285714286,0.23285714285714287,0.051428571428571435,2.012857142857143
2022-03-12,2022,10,6,27.330000000000002,31.97142857142857,23.964285714285715,17.472857142857144,78.13,65.04,5,0.13714285714285715,0.2814285714285715,0.047142857142857146,2.4185714285714286
2022-03-19,2022,11,6,29.044285714285714,35.22857142857143,24.517142857142858,17.431428571428572,71.83285714285714,15.020000000000001,5,0.13714285714285715,0.30142857142857143,0.04142857142857143,2.4657142857142857
2022-03-26,2022,12,9,29.048571428571428,34.97714285714286,24.67142857142857,17.86714285714286,73.31428571428572,22.98,7,0.13,0.27999999999999997,0.037142857142857144,2.2885714285714287
2022-04-02,2022,13,8,27.011428571428574,31.455714285714286,24.189999999999998,18.66857142857143,84.41428571428571,57.97,7,0.12428571428571429,0.21285714285714286,0.045714285714285714,2.2471428571428573
2022-04-09,2022,14,15,26.57428571428571,29.735714285714288,24.527142857142856,19.60571428571429,89.93857142857144,93.74000000000001,7,0.13857142857142857,0.2671428571428572,0.04,2.222857142857143
2022-04-16,2022,15,14,27.877142857142854,32.04857142857143,24.978571428571428,19.535714285714285,83.55428571428571,28.57,6,0.13571428571428573,0.32,0.03,2.15
2022-04-23,2022,16,10,26.164285714285715,29.301428571428573,23.694285714285716,18.594285714285714,87.76142857142858,97.65,7,0.16142857142857145,0.3685714285714286,0.04285714285714286,2.4214285714285713
2022-04-30,2022,17,14,26.127142857142854,29.02285714285714,23.895714285714288,19.351428571428574,91.07571428571428,70.14,7,0.17142857142857143,0.42857142857142855,0.02,2.61
2022-05-07,2022,18,14,26.537142857142857,29.284285714285716,24.34857142857143,19.835714285714285,91.06714285714285,44.11,5,0.16571428571428573,0.39142857142857146,0.022857142857142857,2.3314285714285714
2022-05-14,2022,19,5,26.46,28.98857142857143,24.397142857142857,19.93,91.86714285714285,97.88,6,0.17142857142857143,0.4185714285714286,0.037142857142857144,2.61
2022-05-21,2022,20,19,26.692857142857143,30.06714285714286,24.48,19.825714285714287,90.4557142857143,37.660000000000004,6,0.13857142857142857,0.31428571428571433,0.03428571428571429,2.572857142857143
2022-05-28,2022,21,11,26.322857142857142,28.905714285714286,24.080000000000002,19.740000000000002,91.67142857142858,69.08000000000001,7,0.2057142857142857,0.4785714285714286,0.03571428571428571,2.2785714285714285
2022-06-04,2022,22,17,25.95,28.935714285714287,23.737142857142857,19.225714285714282,91.44571428571429,93.05000000000001,7,0.16428571428571428,0.41000000000000003,0.02142857142857143,2.312857142857143
2022-06-11,2022,23,11,25.65857142857143,28.307142857142857,23.72,19.114285714285717,92.41857142857143,37.15,7,0.14285714285714285,0.3071428571428571,0.04142857142857143,2.222857142857143
2022-06-18,2022,24,19,25.37142857142857,27.745714285714286,23.554285714285715,19.11285714285714,93.89999999999999,112.12,7,0.16,0.3871428571428571,0.04142857142857143,2.2214285714285715
2022-06-25,2022,25,12,25.97142857142857,28.504285714285714,24.00857142857143,19.59857142857143,92.88571428571429,20.43,7,0.15285714285714286,0.3757142857142857,0.025714285714285714,2.1128571428571425
2022-07-02,2022,26,21,25.53857142857143,28.009999999999998,23.68285714285714,19.09714285714286,92.95142857142856,34.74,7,0.15571428571428572,0.39428571428571424,0.025714285714285714,2.1128571428571425
2022-07-09,2022,27,18,26.52,29.30857142857143,24.397142857142857,20.08857142857143,92.13571428571429,38.87,5,0.18857142857142858,0.4785714285714286,0.025714285714285717,2.1557142857142857
2022-07-16,2022,28,9,26.60571428571429,29.425714285714285,24.375714285714285,19.827142857142857,90.69571428571429,36.12,3,0.16428571428571428,0.3814285714285714,0.022857142857142857,2.072857142857143
2022-07-23,2022,29,9,26.81142857142857,29.821428571428573,24.717142857142857,19.922857142857143,89.98857142857142,23.61,6,0.16571428571428573,0.42,0.017142857142857144,2.2485714285714287
2022-07-30,2022,30,18,25.897142857142857,28.442857142857143,23.888571428571428,19.358571428571427,92.26428571428572,64.12,7,0.18714285714285714,0.43714285714285717,0.037142857142857144,2.202857142857143
2022-08-06,2022,31,18,25.714285714285715,28.277142857142856,23.874285714285715,19.445714285714285,93.50142857142858,44.36,7,0.13999999999999999,0.37142857142857144,0.02142857142857143,2.1885714285714286
2022-08-13,2022,32,12,26.19,29.080000000000002,24.048571428571428,19.54714285714286,91.61,34.43,5,0.17285714285714285,0.4057142857142857,0.030000000000000002,2.345714285714286
2022-08-20,2022,33,22,26.505714285714284,29.861428571428572,23.791428571428572,19.464285714285715,89.67285714285715,29.810000000000002,5,0.18142857142857144,0.4428571428571429,0.015714285714285715,2.31
2022-08-27,2022,34,13,26.02857142857143,28.884285714285713,23.917142857142856,19.268571428571427,91.25428571428571,27.790000000000003,6,0.18142857142857144,0.43857142857142856,0.028571428571428574,2.1700000000000004
2022-09-03,2022,35,11,25.841428571428573,28.73,23.701428571428572,19.150000000000002,91.69571428571429,32.33,6,0.17142857142857143,0.4014285714285714,0.027142857142857142,2.3385714285714285
2022-09-10,2022,36,17,26.41142857142857,29.465714285714284,24.111428571428572,19.61285714285714,90.83714285714287,30.18,6,0.16142857142857142,0.3742857142857143,0.028571428571428574,2.41
2022-09-17,2022,37,21,25.397142857142857,27.89428571428571,23.55857142857143,19.052857142857142,93.56285714285715,63.08,7,0.15571428571428572,0.4014285714285714,0.037142857142857144,2.454285714285714
2022-09-24,2022,38,18,25.344285714285714,28.360000000000003,23.06714285714286,18.454285714285714,91.11714285714285,47.3,7,0.1757142857142857,0.42714285714285716,0.01,2.2985714285714285
2022-10-01,2022,39,9,25.389999999999997,27.55142857142857,23.782857142857143,18.94142857142857,92.88714285714286,41.93,7,0.19999999999999998,0.4442857142857143,0.028571428571428574,2.087142857142857
2022-10-08,2022,40,21,25.96142857142857,29.068571428571428,23.625714285714285,19.27857142857143,91.70428571428572,31.38,6,0.1742857142857143,0.4014285714285714,0.037142857142857144,2.0414285714285714
2022-10-15,2022,41,12,25.745714285714286,28.555714285714284,23.70285714285714,19.207142857142856,92.41857142857143,32.769999999999996,7,0.18142857142857144,0.4257142857142857,0.03142857142857143,2.0814285714285714
2022-10-22,2022,42,7,25.804285714285715,28.29,23.798571428571428,19.374285714285715,92.78,41.9,7,0.18,0.4185714285714286,0.032857142857142856,2.2414285714285715
2022-10-29,2022,43,9,25.72714285714286,28.41714285714286,23.551428571428573,19.232857142857142,92.66571428571429,160.4,7,0.16,0.3871428571428571,0.03142857142857143,2.157142857142857
2022-11-05,2022,44,19,25.697142857142858,28.714285714285715,23.255714285714284,18.648571428571426,90.04714285714286,20.21,4,0.1742857142857143,0.4042857142857143,0.037142857142857144,2.144285714285714
2022-11-12,2022,45,27,25.357142857142858,28.141428571428573,23.181428571428572,18.967142857142857,93.37857142857142,73.69,6,0.16142857142857142,0.3885714285714286,0.030000000000000002,1.94
2022-11-19,2022,46,22,25.752857142857145,28.442857142857143,23.74142857142857,19.321428571428573,92.81714285714285,30.38,7,0.14285714285714285,0.3028571428571429,0.03571428571428571,1.7457142857142858
2022-11-26,2022,47,11,25.812857142857144,28.68285714285714,23.639999999999997,19.087142857142858,91.36428571428571,17.82,2,0.15571428571428572,0.38,0.028571428571428574,1.7485714285714287
2022-12-03,2022,48,6,25.17571428571429,28.435714285714287,22.655714285714286,18.015714285714285,89.9557142857143,31.869999999999997,4,0.1657142857142857,0.3528571428571428,0.04,1.9642857142857142
2022-12-10,2022,49,9,25.262857142857143,29.101428571428574,21.83142857142857,17.327142857142857,86.24285714285715,2.08,0,0.20428571428571426,0.48857142857142855,0.03142857142857143,1.9428571428571428
2022-12-17,2022,50,13,25.84,29.351428571428574,23.071428571428573,18.71857142857143,89.7057142857143,17.33,6,0.16571428571428573,0.4614285714285714,0.03142857142857143,1.7900000000000003
2022-12-24,2022,51,11,25.978571428571428,29.96857142857143,22.625714285714285,18.135714285714286,86.58571428571429,3.39,1,0.18285714285714286,0.5157142857142857,0.014285714285714287,1.8357142857142856
2022-12-31,2022,52,15,25.985714285714288,30.042857142857144,22.58857142857143,17.92142857142857,85.63285714285713,12.809999999999999,3,0.1742857142857143,0.4842857142857143,0.02142857142857143,1.73
2023-01-07,2023,1,22,25.794285714285714,29.72714285714286,22.669999999999998,17.802857142857142,86.15142857142857,26.65,5,0.16999999999999998,0.5185714285714286,0.02,1.7128571428571429
2023-01-14,2023,2,25,25.268571428571427,28.358571428571427,23.05857142857143,18.16142857142857,90.27142857142857,30.349999999999998,6,0.14714285714285716,0.3728571428571429,0.03142857142857143,1.7414285714285713
2023-01-21,2023,3,35,25.92142857142857,30.352857142857143,22.45285714285714,17.315714285714286,83.47285714285714,5.31,2,0.16428571428571428,0.4928571428571429,0.018571428571428572,1.907142857142857
2023-01-28,2023,4,33,26.75857142857143,31.228571428571428,22.747142857142855,17.20714285714286,79.11714285714287,0.04,0,0.16999999999999998,0.5171428571428571,0.021428571428571432,1.9042857142857144
2023-02-04,2023,5,25,26.638571428571428,32.17857142857143,21.917142857142856,16.06,75.12571428571428,0.0,0,0.16142857142857142,0.5071428571428571,0.02142857142857143,2.132857142857143
2023-02-11,2023,6,12,27.997142857142855,33.22571428571429,23.801428571428573,17.25,74.33285714285715,0.0,0,0.11714285714285715,0.2842857142857143,0.014285714285714287,1.9542857142857142
2023-02-18,2023,7,36,28.145714285714288,33.86571428571428,23.854285714285712,17.46857142857143,74.88571428571429,17.13,3,0.13,0.3485714285714286,0.027142857142857142,1.9357142857142857
2023-02-25,2023,8,13,27.981428571428573,34.62571428571429,22.478571428571428,15.429999999999998,68.12857142857142,0.8,0,0.14142857142857143,0.37285714285714283,0.025714285714285714,2.1028571428571428
2023-03-04,2023,9,18,28.900000000000002,35.30571428571428,23.79714285714286,16.81142857142857,70.0,3.1500000000000004,2,0.12142857142857144,0.25285714285714284,0.03142857142857143,1.9842857142857144
2023-03-11,2023,10,20,27.09714285714286,31.95285714285714,23.537142857142857,17.009999999999998,77.22714285714287,11.7,6,0.13714285714285715,0.23142857142857146,0.07285714285714286,1.8514285714285712
2023-03-18,2023,11,13,26.687142857142856,31.012857142857143,23.625714285714285,17.474285714285713,80.90714285714286,38.14,6,0.1357142857142857,0.2285714285714286,0.0642857142857143,2.005714285714286
2023-03-25,2023,12,13,28.534285714285716,34.25142857142857,24.21857142857143,17.135714285714286,72.40714285714286,120.04,3,0.13142857142857142,0.2957142857142857,0.028571428571428574,2.1714285714285717
2023-04-01,2023,13,16,27.8,32.56285714285714,24.437142857142856,18.40857142857143,79.74428571428572,11.71,3,0.11857142857142856,0.24000000000000002,0.028571428571428574,1.9557142857142857
2023-04-08,2023,14,10,28.65285714285714,33.77142857142857,24.80857142857143,18.337142857142858,76.21428571428571,22.42,5,0.12285714285714287,0.24,0.037142857142857144,2.1757142857142857
2023-04-15,2023,15,17,27.75142857142857,31.872857142857146,24.74285714285714,18.614285714285717,80.58,13.64,4,0.13,0.3028571428571429,0.04,1.9600000000000002
2023-04-22,2023,16,8,27.03,30.844285714285714,24.30857142857143,18.575714285714287,83.69857142857143,38.94,6,0.13285714285714287,0.26142857142857145,0.05285714285714286,2.017142857142857
2023-04-29,2023,17,18,27.08285714285714,31.395714285714284,23.91142857142857,18.357142857142858,82.82000000000001,47.58,6,0.1542857142857143,0.30142857142857143,0.06,2.2085714285714286
2023-05-06,2023,18,13,28.694285714285716,32.612857142857145,25.395714285714284,20.09714285714286,82.12428571428572,21.14,2,0.16285714285714284,0.39,0.02142857142857143,2.2471428571428573
2023-05-13,2023,19,25,28.694285714285716,32.862857142857145,25.38,19.67142857142857,80.55571428571429,20.4,2,0.13714285714285715,0.37285714285714283,0.028571428571428574,2.1885714285714286
2023-05-20,2023,20,31,27.395714285714284,30.112857142857145,25.135714285714283,20.307142857142857,88.80285714285715,36.86,6,0.16142857142857142,0.37285714285714283,0.037142857142857144,1.9599999999999997
2023-05-27,2023,21,28,26.724285714285713,29.322857142857142,24.89428571428571,20.139999999999997,91.33428571428571,69.62,6,0.13285714285714287,0.34285714285714286,0.04,2.325714285714286
2023-06-03,2023,22,21,26.56,29.07,24.534285714285716,20.172857142857143,92.37285714285714,74.64999999999999,6,0.18285714285714286,0.45285714285714285,0.032857142857142856,2.3085714285714287
2023-06-10,2023,23,29,26.40142857142857,28.72,24.580000000000002,20.18285714285714,93.14999999999999,57.48,7,0.16,0.4228571428571429,0.017142857142857144,2.1471428571428572
2023-06-17,2023,24,34,27.194285714285712,29.891428571428573,24.975714285714282,20.66142857142857,90.97,43.91,6,0.18142857142857144,0.4185714285714286,0.012857142857142857,2.5357142857142856
2023-06-24,2023,25,15,27.442857142857143,30.108571428571427,25.085714285714285,20.511428571428574,89.15142857142857,20.54,4,0.18285714285714286,0.39,0.03571428571428571,2.498571428571428
2023-07-01,2023,26,19,26.592857142857145,28.95,24.442857142857143,20.217142857142857,92.1842857142857,33.91,6,0.19142857142857145,0.44571428571428573,0.025714285714285714,2.312857142857143
2023-07-08,2023,27,37,26.268571428571427,28.812857142857144,24.327142857142857,19.860000000000003,92.51857142857143,82.29,6,0.15857142857142859,0.35285714285714287,0.037142857142857144,2.2057142857142855
2023-07-15,2023,28,48,27.139999999999997,30.072857142857142,24.74142857142857,20.43285714285714,90.34571428571428,27.89,7,0.15571428571428572,0.4242857142857143,0.022857142857142857,2.7399999999999998
2023-07-22,2023,29,34,27.435714285714287,30.267142857142858,25.15857142857143,20.16142857142857,87.63571428571429,7.97,3,0.20428571428571426,0.47428571428571425,0.027142857142857142,2.7085714285714286
2023-07-29,2023,30,34,27.009999999999998,29.54,24.78142857142857,20.454285714285714,91.17285714285715,27.94,6,0.15857142857142859,0.3885714285714285,0.022857142857142857,2.4085714285714284
2023-08-05,2023,31,34,27.375714285714285,30.435714285714287,25.012857142857143,20.732857142857142,90.58142857142857,59.89,6,0.1657142857142857,0.4228571428571429,0.024285714285714282,2.5471428571428567
2023-08-12,2023,32,43,27.59714285714286,30.352857142857143,25.512857142857143,21.104285714285712,90.88571428571429,10.19,5,0.15142857142857144,0.34142857142857147,0.030000000000000002,2.1885714285714286
2023-08-19,2023,33,28,26.884285714285713,29.51571428571429,25.054285714285715,20.268571428571427,90.93142857142857,12.59,5,0.14857142857142858,0.3742857142857143,0.030000000000000002,2.454285714285714
2023-08-26,2023,34,41,27.047142857142855,29.78142857142857,25.065714285714286,20.225714285714286,90.07000000000001,20.88,5,0.13999999999999999,0.33285714285714285,0.038571428571428576,2.417142857142857
2023-09-02,2023,35,38,27.755714285714287,30.73857142857143,25.46,21.132857142857144,90.13142857142857,16.64,3,0.1685714285714286,0.41714285714285715,0.03428571428571429,2.5
2023-09-09,2023,36,36,26.915714285714284,29.555714285714284,24.954285714285714,20.28857142857143,90.85857142857142,27.44,4,0.14285714285714285,0.41428571428571426,0.025714285714285714,2.197142857142857
2023-09-16,2023,37,51,26.97142857142857,29.678571428571427,24.877142857142854,20.252857142857145,90.46142857142857,49.06,6,0.18571428571428572,0.44857142857142857,0.04,2.4085714285714284
2023-09-23,2023,38,38,27.131428571428568,30.101428571428574,24.861428571428572,20.518571428571427,90.71285714285715,30.77,7,0.1742857142857143,0.42142857142857143,0.05285714285714286,2.335714285714286
2023-09-30,2023,39,31,27.107142857142858,29.662857142857142,25.344285714285714,20.837142857142858,92.12571428571428,43.17,7,0.17142857142857143,0.39285714285714285,0.03571428571428571,2.2357142857142858
2023-10-07,2023,40,33,26.814285714285713,29.41857142857143,24.81714285714286,20.295714285714286,91.46428571428571,41.05,7,0.16714285714285712,0.37857142857142856,0.04428571428571428,2.15
2023-10-14,2023,41,22,26.91714285714286,29.261428571428574,25.108571428571427,20.462857142857143,91.64428571428572,29.92,6,0.19571428571428573,0.44,0.027142857142857142,1.9457142857142855
2023-10-21,2023,42,34,26.924285714285713,29.747142857142855,24.78142857142857,20.252857142857145,90.79285714285713,12.16,5,0.16,0.37142857142857144,0.032857142857142856,1.8457142857142856
2023-10-28,2023,43,30,25.942857142857143,28.41,24.10571428571429,19.321428571428573,91.71714285714286,16.89,6,0.14857142857142858,0.32142857142857145,0.03,2.0614285714285714
2023-11-04,2023,44,28,26.14428571428571,29.06857142857143,23.975714285714282,18.93,89.06142857142856,15.39,5,0.19142857142857145,0.47285714285714286,0.04,2.11
2023-11-11,2023,45,27,27.094285714285714,29.729999999999997,24.978571428571428,20.68142857142857,91.51857142857143,40.87,5,0.19,0.4642857142857143,0.02,1.987142857142857
2023-11-18,2023,46,24,26.955714285714286,29.625714285714285,24.935714285714287,20.555714285714284,91.77714285714286,23.15,4,0.15571428571428572,0.39285714285714285,0.025714285714285714,1.9528571428571428
2023-11-25,2023,47,38,26.77285714285714,29.815714285714286,24.327142857142857,19.872857142857146,90.07571428571428,22.03,4,0.16714285714285712,0.41571428571428576,0.037142857142857144,2.1
2023-12-02,2023,48,33,27.534285714285716,30.90285714285714,25.011428571428574,20.462857142857143,88.60428571428572,8.91,2,0.15571428571428572,0.36428571428571427,0.017142857142857144,2.04
2023-12-09,2023,49,44,27.827142857142857,31.767142857142858,24.68857142857143,19.645714285714288,84.05285714285715,2.79,1,0.1357142857142857,0.31285714285714283,0.017142857142857144,1.912857142857143
2023-12-16,2023,50,57,27.814285714285713,31.58857142857143,25.177142857142858,19.967142857142857,85.21000000000001,12.89,3,0.1285714285714286,0.26857142857142857,0.03142857142857143,1.81
2023-12-23,2023,51,54,28.552857142857142,33.13428571428572,24.962857142857143,19.068571428571428,78.7942857142857,5.35,1,0.1442857142857143,0.34428571428571425,0.03571428571428571,1.9985714285714287
2023-12-30,2023,52,57,27.555714285714284,31.24142857142857,24.83857142857143,19.49285714285714,84.9057142857143,26.2,4,0.1285714285714286,0.23714285714285716,0.05,1.9328571428571428
2024-01-06,2024,1,90,29.085714285714285,34.457142857142856,24.814285714285713,17.99142857142857,73.18857142857142,2.04,1,0.13142857142857142,0.2742857142857143,0.024285714285714282,2.18
2024-01-13,2024,2,50,29.924285714285713,36.410000000000004,24.92142857142857,17.31,68.10714285714286,2.29,0,0.13142857142857142,0.27999999999999997,0.04,2.13
2024-01-20,2024,3,46,30.8,37.825714285714284,25.322857142857142,17.345714285714287,65.30571428571429,0.0,0,0.11714285714285713,0.24714285714285714,0.017142857142857144,2.1342857142857143
2024-01-27,2024,4,34,31.357142857142858,38.784285714285716,25.585714285714285,16.622857142857143,61.58428571428572,0.0,0,0.13,0.24571428571428572,0.02,2.1342857142857143
2024-02-03,2024,5,38,29.138571428571428,34.86142857142857,24.881428571428575,17.002857142857142,70.00142857142858,8.64,2,0.13428571428571429,0.24857142857142858,0.05714285714285715,1.7085714285714286
2024-02-10,2024,6,32,28.84714285714286,34.832857142857144,24.004285714285714,16.562857142857144,69.39285714285714,11.3,3,0.13571428571428573,0.25,0.05285714285714286,2.0542857142857143
2024-02-17,2024,7,37,31.71,38.50857142857143,26.34857142857143,17.417142857142856,62.237142857142864,0.19,0,0.12142857142857144,0.2357142857142857,0.028571428571428574,2.5614285714285714
2024-02-24,2024,8,62,30.541428571428572,37.46857142857142,25.31142857142857,16.662857142857142,64.01857142857143,7.43,3,0.15285714285714286,0.2871428571428572,0.07142857142857142,2.4842857142857144
2024-03-02,2024,9,71,31.141428571428573,38.37571428571429,25.244285714285716,15.23857142857143,57.32857142857143,0.61,0,0.14,0.27,0.047142857142857146,2.43
2024-03-09,2024,10,57,31.72,38.6,25.954285714285714,16.454285714285714,59.18142857142857,2.07,0,0.14285714285714285,0.27999999999999997,0.055714285714285716,1.9442857142857142
2024-03-16,2024,11,48,32.675714285714285,38.98285714285714,27.687142857142856,17.11,57.66142857142857,0.23,0,0.13571428571428573,0.2414285714285714,0.048571428571428564,1.9928571428571427
2024-03-23,2024,12,38,30.997142857142858,36.324285714285715,26.990000000000002,18.414285714285715,67.87571428571428,34.470000000000006,4,0.13714285714285715,0.23857142857142857,0.05142857142857143,1.874285714285714
2024-03-30,2024,13,51,30.647142857142857,37.43285714285714,25.167142857142856,16.375714285714285,62.36285714285714,4.37,2,0.1442857142857143,0.2642857142857143,0.06142857142857143,2.12
2024-04-06,2024,14,37,30.247142857142855,36.37714285714286,25.587142857142858,17.507142857142856,67.75857142857143,14.8,5,0.13999999999999999,0.24714285714285714,0.06285714285714286,1.8614285714285714
2024-04-13,2024,15,38,31.321428571428573,37.629999999999995,26.672857142857143,18.724285714285713,68.27142857142857,40.92,5,0.13,0.25857142857142856,0.028571428571428574,2.327142857142857
2024-04-20,2024,16,31,29.75,34.53714285714286,26.291428571428572,18.864285714285717,74.49428571428572,46.69,4,0.13714285714285715,0.2571428571428572,0.05285714285714286,1.83
2024-04-27,2024,17,43,26.889999999999997,29.92142857142857,24.872857142857146,19.944285714285716,89.82857142857142,90.77,7,0.13714285714285715,0.24000000000000002,0.06,2.3328571428571427
2024-05-04,2024,18,41,27.447142857142858,30.472857142857144,25.12,20.12857142857143,87.91428571428571,55.31999999999999,6,0.13142857142857142,0.25999999999999995,0.04428571428571428,1.9285714285714286
2024-05-11,2024,19,59,27.65857142857143,30.752857142857142,25.325714285714287,20.914285714285715,89.91,70.45,6,0.12714285714285714,0.2857142857142857,0.04142857142857143,2.2357142857142858
2024-05-18,2024,20,49,27.697142857142858,30.48857142857143,25.565714285714286,21.00714285714286,89.91428571428571,22.43,4,0.15714285714285717,0.4014285714285714,0.041428571428571426,2.132857142857143
2024-05-25,2024,21,58,27.09857142857143,29.54,25.44,20.897142857142857,92.64714285714285,99.76,7,0.15714285714285717,0.36428571428571427,0.04,2.1471428571428572
2024-06-01,2024,22,42,26.954285714285714,29.74857142857143,24.81,20.740000000000002,92.81142857142856,122.14,7,0.15285714285714286,0.33999999999999997,0.027142857142857142,2.3300000000000005
2024-06-08,2024,23,58,26.87142857142857,29.245714285714286,24.98428571428571,20.81142857142857,93.41857142857144,70.56,6,0.16,0.39999999999999997,0.027142857142857142,2.187142857142857
2024-06-15,2024,24,59,26.472857142857144,28.77857142857143,24.812857142857144,20.471428571428568,94.13142857142857,81.38,7,0.13428571428571429,0.3071428571428571,0.037142857142857144,2.217142857142857
2024-06-22,2024,25,73,26.259999999999998,28.867142857142856,24.142857142857142,19.794285714285714,92.23428571428572,22.64,5,0.17285714285714285,0.4114285714285714,0.03142857142857143,2.205714285714286
2024-06-29,2024,26,90,26.095714285714287,28.611428571428572,24.195714285714285,19.715714285714284,92.87,71.47,7,0.14142857142857143,0.31857142857142856,0.03571428571428571,2.2600000000000002
2024-07-06,2024,27,96,26.155714285714286,28.777142857142856,24.12142857142857,19.91142857142857,93.39,51.61,6,0.13857142857142857,0.3385714285714286,0.028571428571428574,2.3000000000000003
2024-07-13,2024,28,86,27.284285714285716,30.207142857142856,24.90857142857143,20.782857142857143,91.17,39.24,4,0.14714285714285716,0.33571428571428574,0.032857142857142856,2.64
2024-07-20,2024,29,63,27.935714285714287,31.072857142857142,25.472857142857144,20.557142857142857,87.08,24.84,3,0.17285714285714285,0.4014285714285714,0.03142857142857143,2.567142857142857
2024-07-27,2024,30,72,27.314285714285713,30.187142857142856,25.201428571428572,20.90285714285714,91.55142857142857,61.14,6,0.14285714285714285,0.3085714285714286,0.012857142857142857,2.455714285714286
2024-08-03,2024,31,68,26.928571428571427,29.435714285714287,24.967142857142857,20.38714285714286,91.40428571428572,58.11,6,0.16714285714285712,0.4328571428571429,0.02142857142857143,2.222857142857143
2024-08-10,2024,32,77,26.59142857142857,29.537142857142857,24.514285714285712,19.91857142857143,91.20285714285714,25.45,7,0.15285714285714286,0.3085714285714286,0.045714285714285714,2.0685714285714285
2024-08-17,2024,33,63,26.75714285714286,29.825714285714287,24.24142857142857,19.928571428571427,90.42571428571429,27.25,7,0.18714285714285714,0.4785714285714286,0.019999999999999997,2.345714285714286
2024-08-24,2024,34,64,27.057142857142857,30.252857142857145,24.74285714285714,20.25857142857143,90.32571428571428,69.33999999999999,6,0.16714285714285712,0.4342857142857143,0.015714285714285715,2.1814285714285715
2024-08-31,2024,35,55,27.165714285714284,30.23428571428571,24.87857142857143,20.060000000000002,88.92428571428572,11.32,4,0.16142857142857142,0.41857142857142854,0.017142857142857144,2.1585714285714284
2024-09-07,2024,36,53,26.627142857142854,29.284285714285716,24.745714285714286,20.275714285714287,92.37142857142858,29.53,7,0.16714285714285712,0.39428571428571424,0.02428571428571429,2.1542857142857144
2024-09-14,2024,37,44,27.057142857142857,29.97142857142857,24.73857142857143,20.364285714285717,90.56142857142858,13.430000000000001,4,0.15285714285714286,0.38,0.03,1.9714285714285715
2024-09-21,2024,38,48,27.47,30.345714285714283,25.150000000000002,20.825714285714287,90.27857142857144,34.03,5,0.15142857142857144,0.40857142857142853,0.028571428571428574,2.3885714285714283
2024-09-28,2024,39,44,25.90857142857143,28.495714285714286,23.984285714285715,19.46,92.64285714285714,57.489999999999995,7,0.16,0.37714285714285717,0.022857142857142857,2.4642857142857144
2024-10-05,2024,40,46,25.812857142857144,28.812857142857144,23.2,19.065714285714286,91.5,62.72,7,0.1542857142857143,0.32571428571428573,0.042857142857142864,2.1942857142857144
2024-10-12,2024,41,61,26.044285714285714,28.948571428571427,23.874285714285715,19.36285714285714,91.57000000000001,52.04,7,0.1657142857142857,0.41571428571428576,0.037142857142857144,1.93
2024-10-19,2024,42,51,26.517142857142858,29.164285714285715,24.53142857142857,20.26142857142857,92.99571428571429,74.17,6,0.15857142857142859,0.39142857142857146,0.030000000000000002,1.8628571428571428
2024-10-26,2024,43,65,26.645714285714288,29.43857142857143,24.571428571428573,20.375714285714285,92.77285714285715,58.96,5,0.14857142857142858,0.33714285714285713,0.04285714285714286,1.907142857142857
2024-11-02,2024,44,77,26.174285714285713,28.56142857142857,24.400000000000002,19.987142857142857,93.32714285714285,64.4,5,0.1457142857142857,0.33571428571428574,0.025714285714285714,1.9357142857142857
2024-11-09,2024,45,90,25.82857142857143,28.542857142857144,23.88714285714286,19.49857142857143,93.22857142857143,29.27,7,0.14714285714285716,0.27999999999999997,0.049999999999999996,1.8942857142857144
2024-11-16,2024,46,79,25.274285714285718,28.37142857142857,22.897142857142857,18.318571428571428,90.86857142857141,36.14,7,0.1657142857142857,0.3485714285714286,0.04,1.9814285714285713
2024-11-23,2024,47,52,25.669999999999998,28.388571428571428,23.568571428571428,19.082857142857144,92.21000000000001,29.97,5,0.14142857142857143,0.31285714285714283,0.04428571428571428,1.8114285714285714
2024-11-30,2024,48,80,26.315714285714286,29.455714285714286,24.06142857142857,19.802857142857142,92.04285714285713,42.79,7,0.1542857142857143,0.3685714285714286,0.04,1.8785714285714286
2024-12-07,2024,49,143,26.521428571428572,29.90857142857143,24.115714285714287,19.595714285714283,90.11285714285714,18.759999999999998,3,0.15714285714285717,0.35714285714285715,0.054285714285714284,1.762857142857143
2024-12-14,2024,50,116,26.795714285714286,30.527142857142856,23.571428571428573,19.075714285714287,86.48571428571428,7.92,1,0.19428571428571426,0.5214285714285715,0.02142857142857143,1.9214285714285713
2024-12-21,2024,51,97,26.63,29.824285714285715,24.062857142857144,19.545714285714286,89.30999999999999,10.379999999999999,3,0.15571428571428572,0.4257142857142857,0.021428571428571432,1.6528571428571428
2024-12-28,2024,52,19,26.025714285714287,29.06857142857143,23.94,19.185714285714287,90.88714285714286,28.259999999999998,7,0.1542857142857143,0.3657142857142857,0.047142857142857146,1.7242857142857144
2025-01-04,2025,1,0,24.926666666666666,27.08666666666667,23.286666666666665,18.53333333333333,93.46666666666665,11.67,3,0.15,0.41333333333333333,0.03,1.6866666666666665
